trip_status,ride_hailing_app,customer,trip_type,trip_type_dummy,driver_gender,driver_gender_dummy,country,rub_usd_exchange_rate,price_rub,price_usd,distance_kms,temperature_value,precipitation,precipitation_dummy,price_per_kms_usd,trip_time,trip_time_minutes,time_of_day,Time_of_day_disc,city,If_city_SP
Completed,Uber,stantyan,uberX,1,Male,1,Russia,51.28,265,5.17,9.29,12,none,1,0.556512379,0.000104167,0, 01:26AM,1,Saint Petersburg,1
Completed,Uber,stantyan,uberX,1,Male,1,Russia,51.28,255,4.97,9.93,10,none,1,0.500503525,0.000300926,0, 01:49AM,1,Saint Petersburg,1
Completed,Uber,stantyan,uberX,1,Male,1,Russia,49.5,644,13.01,18.01,14,none,1,0.722376458,0.000694444,1, 01:51AM,1,Saint Petersburg,1
Completed,Uber,stantyan,uberBLACK,0,Male,1,Russia,49.53,1287,25.99,5.1,3,none,1,252.3529412,0.000694444,1, 02:15AM,2,Saint Petersburg,1
Completed,Uber,stantyan,uberX,1,Male,1,Russia,49.53,665,13.43,21.92,3,none,1,0.612682482,0.000694444,1, 02:31AM,2,Saint Petersburg,1
Completed,Uber,stantyan,uberX,1,Male,1,Russia,49.26,200,4.06,4.88,7,none,1,0.831967213,0.000810185,1, 04:14AM,4,Saint Petersburg,1
Completed,Uber,stantyan,uberX,1,Male,1,Russia,49.26,463,9.4,18.65,6,none,1,0.504021448,0.001550926,2, 04:26AM,4,Saint Petersburg,1
Completed,Uber,stantyan,uberX,1,Male,1,Russia,49.55,431,8.7,12.62,6,none,1,0.689381933,0.001851852,2, 04:35AM,4,Saint Petersburg,1
Completed,Uber,stantyan,uberX,1,Male,1,Russia,49.55,162,3.27,5.94,8,none,1,0.550505051,0.002037037,3, 05:46AM,5,Saint Petersburg,1
Completed,Uber,stantyan,uberX,1,Male,1,Russia,49.55,350,7.06,17.38,9,none,1,0.406214039,0.002210648,3, 05:50AM,5,Saint Petersburg,1
Completed,Uber,stantyan,uberX,1,Male,1,Russia,50.11,214,4.27,5.66,14,none,1,0.754416961,0.002337963,3, 06:09AM,6,Saint Petersburg,1
Completed,Uber,stantyan,uberX,1,Female,0,Russia,52.25,400,7.66,14.3,32,rain,0,0.535664336,0.002395833,3, 08:20AM,8,Ekaterinburg,0
Completed,Uber,stantyan,uberX,1,Male,1,Russia,53.49,400,7.48,13.33,19,rain,0,0.561140285,0.002569444,3, 08:43AM,8,Ekaterinburg,0
Completed,Uber,stantyan,uberX,1,Male,1,Russia,54.34,228,4.2,9.41,29,rain,0,0.446333688,0.002615741,3, 09:02AM,9,Ekaterinburg,0
Completed,Uber,stantyan,uberX,1,Male,1,Russia,54.34,88,1.62,0.29,28,rain,0,5.586206897,0.002650463,4, 09:23AM,9,Ekaterinburg,0
Completed,Uber,stantyan,uberX,1,Male,1,Russia,56.05,124,2.21,8.4,17,rain,0,0.263095238,0.00287037,4, 09:35AM,9,Ekaterinburg,0
Completed,Uber,stantyan,uberX,1,Male,1,Russia,56.3,97,1.72,4.33,25,rain,0,0.397228637,0.002916667,4, 09:37AM,9,Ekaterinburg,0
Completed,Uber,stantyan,uberX,1,Female,0,Russia,56.3,114,2.03,4.75,21,rain,0,0.427368421,0.002951389,4, 09:37AM,9,Ekaterinburg,0
Completed,Uber,stantyan,uberX,1,Male,1,Russia,56.28,400,7.11,14.61,11,rain,0,0.486652977,0.003125,4, 09:38AM,9,Ekaterinburg,0
Completed,Uber,stantyan,uberX,1,Male,1,Russia,55.23,184,3.33,5.05,19,none,1,0.659405941,0.003148148,4, 09:47AM,9,Saint Petersburg,1
Completed,Gett,stantyan,Comfort,0,Male,1,Russia,55.23,312,5.65,12.81,19,none,1,24.3559719,0.003171296,4, 09:52AM,9,Saint Petersburg,1
Cancelled,Uber,stantyan,uberBLACK,0,Male,1,Russia,55.17,180,3.26,0.1,17,none,1,1800,0.003229167,4, 09:56AM,9,Saint Petersburg,1
Completed,Uber,stantyan,uberX,1,Male,1,Russia,55.17,573,10.39,29.08,20,none,1,0.357290234,0.003240741,4, 1:44AM,1,Saint Petersburg,1
Completed,Uber,stantyan,uberX,1,Male,1,Russia,55.17,1000,18.13,24,21,none,1,0.755416667,0.0034375,5, 1:55AM,1,Saint Petersburg,1
Completed,Uber,stantyan,uberX,1,Male,1,Russia,55.17,1000,18.13,19.1,16,none,1,0.94921466,0.003472222,5, 10:03AM,10,Saint Petersburg,1
Completed,Uber,stantyan,uberX,1,Male,1,Russia,55.17,1000,18.13,21.18,16,none,1,0.855996223,0.003506944,5, 10:04AM,10,Saint Petersburg,1
Completed,Uber,stantyan,uberBLACK,0,Male,1,Russia,55.17,353,6.4,2.27,16,none,1,155.5066079,0.003506944,5, 10:05AM,10,Saint Petersburg,1
Completed,Uber,stantyan,uberBLACK,0,Male,1,Russia,55.17,619,11.22,8.85,15,none,1,69.94350282,0.003530093,5, 10:05AM,10,Saint Petersburg,1
Completed,Uber,stantyan,uberX,1,Male,1,Russia,54.97,489,8.9,17.79,15,none,1,0.500281057,0.003634259,5, 10:05AM,10,Saint Petersburg,1
Completed,Uber,stantyan,uberX,1,Male,1,Russia,54.97,1500,27.29,21.22,16,none,1,1.286050895,0.00375,5, 10:08AM,10,Saint Petersburg,1
Completed,Uber,stantyan,uberBLACK,0,Male,1,Russia,54.97,418,7.6,4.35,18,none,1,96.09195402,0.003761574,5, 10:08AM,10,Saint Petersburg,1
Completed,Uber,stantyan,uberBLACK,0,Male,1,Russia,54.97,567,10.31,3.25,16,none,1,174.4615385,0.003923611,5, 10:08AM,10,Saint Petersburg,1
Completed,Uber,stantyan,uberX,1,Male,1,Russia,54.97,99,1.8,1.29,15,none,1,1.395348837,0.003958333,5, 10:08AM,10,Saint Petersburg,1
Completed,Uber,stantyan,uberBLACK,0,Male,1,Russia,54.97,467,8.5,2.61,15,none,1,178.9272031,0.003958333,5, 10:09AM,10,Saint Petersburg,1
Completed,Uber,stantyan,uberX,1,Male,1,Russia,54.97,173,3.15,1.69,13,none,1,1.863905325,0.00400463,5, 10:09AM,10,Saint Petersburg,1
Completed,Uber,stantyan,uberBLACK,0,Male,1,Russia,54.97,418,7.6,5.02,10,none,1,83.26693227,0.004027778,5, 10:14AM,10,Saint Petersburg,1
Completed,Uber,stantyan,uberX,1,Male,1,Russia,53.73,196,3.65,3.35,15,none,1,1.089552239,0.004027778,5, 10:15AM,10,Saint Petersburg,1
Completed,Uber,stantyan,uberX,1,Male,1,Russia,53.73,139,2.59,3.07,14,none,1,0.843648208,0.004039352,5, 10:15AM,10,Saint Petersburg,1
Completed,Uber,stantyan,uberBLACK,0,Male,1,Russia,53.73,523,9.73,5.46,14,none,1,95.78754579,0.00412037,6, 10:17AM,10,Saint Petersburg,1
Completed,Uber,stantyan,uberBLACK,0,Female,0,Russia,53.73,324,6.03,2.72,11,none,1,119.1176471,0.004131944,6, 10:18AM,10,Saint Petersburg,1
Completed,Uber,stantyan,uberX,1,Female,0,Russia,53.65,147,2.74,3.6,8,none,1,0.761111111,0.004212963,6, 10:20AM,10,Saint Petersburg,1
Completed,Uber,stantyan,uberX,1,Male,1,Russia,53.65,1000,18.64,19.07,11,none,1,0.977451494,0.004282407,6, 10:23AM,10,Saint Petersburg,1
Completed,Uber,stantyan,uberX,1,Male,1,Russia,53.65,274,5.11,3.78,15,none,1,1.351851852,0.004537037,6, 10:29AM,10,Saint Petersburg,1
Completed,Uber,stantyan,uberX,1,Male,1,Russia,53.65,292,5.44,4.78,15,none,1,1.138075314,0.004618056,6, 10:30AM,10,Saint Petersburg,1
Completed,Uber,stantyan,uberX,1,Male,1,Russia,53.65,151,2.81,2.78,15,none,1,1.010791367,0.004641204,6, 10:34AM,10,Saint Petersburg,1
Completed,Uber,stantyan,uberBLACK,0,Male,1,Russia,53.65,1800,33.55,19.14,15,none,1,94.04388715,0.004675926,6, 10:36AM,10,Saint Petersburg,1
Completed,Uber,stantyan,uberBLACK,0,Male,1,Russia,55.72,1800,32.31,23.26,22,none,1,77.38607051,0.00474537,6, 10:36AM,10,Saint Petersburg,1
Completed,Uber,stantyan,uberX,1,Male,1,Russia,56.7,593,10.46,15.63,14,none,1,0.669225848,0.004756944,6, 10:38AM,10,Saint Petersburg,1
Completed,Uber,stantyan,uberX,1,Male,1,Russia,57.47,623,10.84,44.22,14,none,1,0.245137947,0.004756944,6, 10:42AM,10,Saint Petersburg,1
Completed,Uber,stantyan,uberX,1,Male,1,Russia,57.23,521,9.1,24.91,16,none,1,0.365315134,0.004930556,7, 10:45AM,10,Saint Petersburg,1
Completed,Uber,stantyan,uberX,1,Male,1,Russia,67.5,97,1.44,1.45,17,none,1,0.993103448,0.005104167,7, 10:46AM,10,Saint Petersburg,1
Completed,Uber,stantyan,uberX,1,Male,1,Russia,67.73,240,3.54,8.01,16,rain,0,0.441947566,0.005138889,7, 10:46AM,10,Ekaterinburg,0
Completed,Uber,stantyan,uberX,1,Male,1,Russia,67.73,159,2.35,4.76,17,rain,0,0.493697479,0.005196759,7, 10:47AM,10,Ekaterinburg,0
Completed,Uber,stantyan,uberX,1,Male,1,Russia,67.65,400,5.91,23.44,18,rain,0,0.252133106,0.005196759,7, 10:48AM,10,Ekaterinburg,0
Completed,Uber,stantyan,uberX,1,Male,1,Russia,67.65,400,5.91,16.38,17,rain,0,0.360805861,0.005208333,7, 10:52AM,10,Ekaterinburg,0
Completed,Uber,stantyan,uberX,1,Male,1,Russia,67.75,143,2.11,4.12,12,rain,0,0.512135922,0.005381944,7, 10:52AM,10,Ekaterinburg,0
Completed,Uber,stantyan,uberX,1,Male,1,Russia,67.75,148,2.18,4.12,14,rain,0,0.529126214,0.005381944,7, 10:53AM,10,Ekaterinburg,0
Completed,Uber,stantyan,uberX,1,Male,1,Russia,67.75,173,2.55,5.63,10,rain,0,0.452930728,0.005462963,7, 10:54AM,10,Ekaterinburg,0
Completed,Uber,stantyan,uberX,1,Male,1,Russia,67.75,180,2.66,6.12,11,rain,0,0.434640523,0.005486111,7, 10:54AM,10,Ekaterinburg,0
Completed,Uber,stantyan,uberX,1,Male,1,Russia,67.75,178,2.63,5.65,11,rain,0,0.465486726,0.005486111,7, 10:55AM,10,Ekaterinburg,0
Completed,Uber,stantyan,uberX,1,Male,1,Russia,67.75,167,2.46,5.73,10,rain,0,0.429319372,0.005532407,8, 10:56AM,10,Ekaterinburg,0
Completed,Uber,stantyan,uberX,1,Male,1,Russia,67.82,241,3.55,8.56,18,rain,0,0.414719626,0.005555556,8, 10:57AM,10,Saint Petersburg,1
Completed,Uber,stantyan,uberX,1,Male,1,Russia,67.82,260,3.83,10.06,19,rain,0,0.380715706,0.005671296,8, 10:58AM,10,Saint Petersburg,1
Completed,Uber,stantyan,uberX,1,Male,1,Russia,67.82,400,5.9,8.03,12,rain,0,0.734744707,0.005671296,8, 10:59AM,10,Ekaterinburg,0
Completed,Uber,stantyan,uberX,1,Male,1,Russia,67.82,400,5.9,17.77,14,rain,0,0.332020259,0.005694444,8, 10:59AM,10,Ekaterinburg,0
Completed,Uber,stantyan,uberX,1,Male,1,Russia,67.82,1000,14.74,42.81,16,none,1,0.344312077,0.005763889,8, 10:59AM,10,Saint Petersburg,1
Completed,Uber,stantyan,uberX,1,Male,1,Russia,67.77,243,3.59,11.65,19,none,1,0.308154506,0.005810185,8, 11:01AM,11,Saint Petersburg,1
Completed,Uber,stantyan,uberX,1,Male,1,Russia,65.31,130,1.99,3.72,15,none,1,0.534946237,0.005868056,8, 11:02AM,11,Saint Petersburg,1
Completed,Uber,stantyan,uberX,1,Male,1,Russia,65.31,167,2.56,5.33,14,none,1,0.480300188,0.005914352,8, 11:04AM,11,Saint Petersburg,1
Completed,Uber,stantyan,uberBLACK,0,Male,1,Russia,65.45,373,5.7,2.3,17,none,1,162.173913,0.0059375,8, 11:05AM,11,Saint Petersburg,1
Completed,Uber,stantyan,uberX,1,Male,1,Russia,65.45,340,5.19,12.47,17,none,1,0.416198877,0.00599537,8, 11:06AM,11,Saint Petersburg,1
Completed,Uber,stantyan,uberX,1,Male,1,Russia,65.45,178,2.72,3.67,9,rain,0,0.741144414,0.006006944,8, 11:06AM,11,Ekaterinburg,0
Completed,Uber,stantyan,uberX,1,Male,1,Russia,65.45,410,6.26,15.32,16,none,1,0.408616188,0.006122685,8, 11:06AM,11,Saint Petersburg,1
Completed,Uber,stantyan,uberX,1,Male,1,Russia,67.7,100,1.48,1.58,17,none,1,0.936708861,0.006145833,8, 11:10AM,11,Saint Petersburg,1
Completed,Uber,stantyan,uberX,1,Male,1,Russia,67.7,92,1.36,1.11,17,none,1,1.225225225,0.006226852,9, 11:10AM,11,Saint Petersburg,1
Completed,Uber,stantyan,uberBLACK,0,Male,1,Russia,66.02,308,4.66,2.09,14,none,1,147.3684211,0.006238426,9, 11:11AM,11,Saint Petersburg,1
Completed,Uber,stantyan,uberX,1,Male,1,Russia,66.02,107,1.62,2.09,14,none,1,0.775119617,0.006273148,9, 11:16AM,11,Saint Petersburg,1
Completed,Uber,stantyan,uberX,1,Male,1,Russia,66.02,198,3,6.2,8,rain,0,0.483870968,0.006319444,9, 11:17AM,11,Ekaterinburg,0
Completed,Uber,stantyan,uberX,1,Male,1,Russia,66.03,299,4.53,1.21,13,none,1,3.743801653,0.006331019,9, 11:17AM,11,Saint Petersburg,1
Completed,Uber,stantyan,uberX,1,Male,1,Russia,66.03,518,7.84,13.78,16,none,1,0.568940493,0.006342593,9, 11:18AM,11,Saint Petersburg,1
Completed,Uber,stantyan,uberX,1,Male,1,Russia,66.03,261,3.95,7.97,14,none,1,0.495608532,0.006354167,9, 11:19AM,11,Saint Petersburg,1
Completed,Uber,stantyan,uberX,1,Male,1,Russia,66.03,198,3,6.69,13,none,1,0.448430493,0.006377315,9, 11:25AM,11,Saint Petersburg,1
Completed,Uber,stantyan,uberX,1,Male,1,Russia,65.52,1000,15.26,37.32,17,none,1,0.408896034,0.006400463,9, 11:26AM,11,Saint Petersburg,1
Completed,Uber,stantyan,uberX,1,Male,1,Russia,65.52,110,1.68,1.92,13,none,1,0.875,0.006412037,9, 11:26AM,11,Saint Petersburg,1
Completed,Uber,stantyan,uberBLACK,0,Male,1,Russia,65.52,525,8.01,9.78,13,none,1,53.6809816,0.006631944,9, 11:28AM,11,Saint Petersburg,1
Completed,Uber,stantyan,uberX,1,Male,1,Russia,65.52,134,2.05,3.77,9,rain,0,0.543766578,0.006643519,9, 11:28AM,11,Ekaterinburg,0
Completed,Uber,stantyan,uberX,1,Male,1,Russia,65.52,191,2.92,5.94,9,rain,0,0.491582492,0.006678241,9, 11:29AM,11,Ekaterinburg,0
Completed,Uber,stantyan,uberX,1,Male,1,Russia,65.52,235,3.59,8.9,10,none,1,0.403370787,0.006689815,9, 11:29AM,11,Saint Petersburg,1
Completed,Uber,stantyan,uberX,1,Male,1,Russia,65.47,256,3.91,12.04,8,none,1,0.324750831,0.006701389,9, 11:31AM,11,Saint Petersburg,1
Completed,Uber,stantyan,uberX,1,Male,1,Russia,65.47,294,4.49,11.6,10,none,1,0.387068966,0.006724537,9, 11:31AM,11,Saint Petersburg,1
Completed,Uber,stantyan,uberX,1,Male,1,Russia,65.47,164,2.5,5.68,13,none,1,0.440140845,0.006747685,9, 11:32AM,11,Saint Petersburg,1
Completed,Uber,stantyan,uberX,1,Male,1,Russia,65.47,169,2.58,5.65,11,none,1,0.456637168,0.006747685,9, 11:33AM,11,Saint Petersburg,1
Completed,Uber,stantyan,uberX,1,Male,1,Russia,66.42,107,1.61,2.48,9,none,1,0.649193548,0.006770833,9, 11:33AM,11,Saint Petersburg,1
Completed,Uber,stantyan,uberX,1,Male,1,Russia,66.42,154,2.32,4.02,10,none,1,0.577114428,0.006805556,9, 11:34AM,11,Saint Petersburg,1
Completed,Uber,stantyan,uberX,1,Male,1,Russia,66.42,105,1.58,2.06,8,none,1,0.766990291,0.006851852,9, 11:34AM,11,Saint Petersburg,1
Completed,Uber,stantyan,uberX,1,Male,1,Russia,65.83,355,5.39,11.43,9,none,1,0.471566054,0.006863426,9, 11:35AM,11,Saint Petersburg,1
Completed,Uber,stantyan,uberX,1,Male,1,Russia,65.83,315,4.79,12.05,9,none,1,0.397510373,0.006863426,9, 11:36AM,11,Saint Petersburg,1
Completed,Uber,stantyan,uberX,1,Male,1,Russia,65.83,214,3.25,6.71,9,none,1,0.484351714,0.006909722,10, 11:36AM,11,Saint Petersburg,1
Completed,Uber,stantyan,uberX,1,Male,1,Russia,65.83,240,3.65,5.13,10,none,1,0.711500975,0.006944444,10, 11:38AM,11,Saint Petersburg,1
Completed,Uber,stantyan,uberX,1,Male,1,Russia,65.83,113,1.72,1.79,10,none,1,0.960893855,0.006956019,10, 11:38AM,11,Saint Petersburg,1
Completed,Uber,stantyan,uberX,1,Male,1,Russia,65.34,288,4.41,10.17,13,none,1,0.433628319,0.006967593,10, 11:39AM,11,Saint Petersburg,1
Completed,Uber,stantyan,uberX,1,Male,1,Russia,65.34,197,3.01,6.76,12,none,1,0.445266272,0.007013889,10, 11:39AM,11,Saint Petersburg,1
Completed,Uber,stantyan,uberX,1,Male,1,Russia,65.7,401,6.1,15.93,12,none,1,0.382925298,0.007037037,10, 11:39AM,11,Saint Petersburg,1
Completed,Uber,stantyan,uberX,1,Male,1,Russia,65.7,81,1.23,1.56,12,none,1,0.788461538,0.007060185,10, 11:40AM,11,Saint Petersburg,1
Completed,Uber,stantyan,uberX,1,Male,1,Russia,65.7,484,7.37,12.57,12,none,1,0.586316627,0.007106481,10, 11:40AM,11,Saint Petersburg,1
Completed,Uber,stantyan,uberX,1,Male,1,Russia,66.05,362,5.48,12.01,13,none,1,0.456286428,0.007175926,10, 11:42AM,11,Saint Petersburg,1
Completed,Uber,stantyan,uberX,1,Male,1,Russia,64.79,1000,15.43,36.5,9,none,1,0.422739726,0.007222222,10, 11:44AM,11,Saint Petersburg,1
Completed,Uber,stantyan,uberX,1,Male,1,Russia,62.5,1000,16,43.3,-6,none,1,0.369515012,0.007233796,10, 11:45AM,11,Saint Petersburg,1
Completed,Uber,stantyan,uberX,1,Male,1,Russia,62.5,1000,16,46.04,-3,none,1,0.347523892,0.007349537,10, 11:47AM,11,Saint Petersburg,1
Completed,Uber,stantyan,uberX,1,Male,1,Russia,61.81,1000,16.18,39.78,6,none,1,0.406737054,0.007349537,10, 11:49AM,11,Saint Petersburg,1
Completed,Uber,stantyan,uberX,1,Male,1,Russia,63.01,299,4.74,0.61,7,none,1,7.770491803,0.007372685,10, 11:52AM,11,Saint Petersburg,1
Completed,Uber,stantyan,uberX,1,Male,1,Russia,63.95,322,5.04,13.31,3,none,1,0.37866266,0.007372685,10, 11:52AM,11,Saint Petersburg,1
Completed,Uber,stantyan,uberX,1,Male,1,Russia,64.05,139,2.17,3.01,1,none,1,0.720930233,0.007384259,10, 11:52AM,11,Saint Petersburg,1
Completed,Uber,stantyan,uberX,1,Male,1,Russia,64.05,215,3.36,5.97,3,none,1,0.56281407,0.007395833,10, 11:54AM,11,Saint Petersburg,1
Completed,Uber,stantyan,uberX,1,Male,1,Russia,64.37,161,2.5,4.65,3,none,1,0.537634409,0.007418981,10, 11:55AM,11,Saint Petersburg,1
Completed,Uber,stantyan,uberX,1,Male,1,Russia,64.66,146,2.26,3.17,5,none,1,0.712933754,0.007465278,10, 11:55AM,11,Saint Petersburg,1
Completed,Uber,stantyan,uberX,1,Male,1,Russia,66.85,375,5.61,19.07,3,none,1,0.294179339,0.007465278,10, 11:56AM,11,Saint Petersburg,1
Completed,Uber,stantyan,uberX,1,Male,1,Russia,65.78,669,10.17,17.32,-2,none,1,0.587182448,0.007488426,10, 11:56AM,11,Saint Petersburg,1
Completed,Uber,stantyan,uberX,1,Male,1,Russia,66.67,347,5.2,16.08,1,none,1,0.323383085,0.0075,10, 11:58AM,11,Saint Petersburg,1
Completed,Uber,stantyan,uberX,1,Male,1,Russia,66.69,334,5.01,5.95,2,none,1,0.842016807,0.007523148,10, 11:58AM,11,Saint Petersburg,1
Completed,Uber,stantyan,uberX,1,Male,1,Russia,67.34,142,2.11,2.99,1,none,1,0.705685619,0.00755787,10, 11:59AM,11,Saint Petersburg,1
Completed,Uber,stantyan,uberELKA,0,Male,1,Russia,70.64,1500,21.23,0.01,3,none,1,150000,0.007569444,10, 11:59AM,11,Saint Petersburg,1
Cancelled,Uber,stantyan,uberX,1,Male,1,Russia,70.64,99,1.4,0.01,1,snow,0,140,0.007581019,11, 11:59AM,11,Saint Petersburg,1
Completed,Uber,stantyan,uberX,1,Male,1,Russia,72.18,400,5.54,20.58,-12,snow,0,0.269193392,0.007604167,11, 12:01AM,0,Ekaterinburg,0
Completed,Uber,stantyan,uberX,1,Male,1,Russia,72.18,193,2.67,7.35,-19,snow,0,0.363265306,0.007627315,11, 12:04AM,0,Ekaterinburg,0
Completed,Uber,stantyan,uberX,1,Male,1,Russia,73.52,146,1.99,4.63,-19,snow,0,0.429805616,0.007627315,11, 12:06AM,0,Ekaterinburg,0
Completed,Uber,stantyan,uberX,1,Male,1,Russia,73,160,2.19,5.13,-22,snow,0,0.426900585,0.007662037,11, 12:13AM,0,Ekaterinburg,0
Completed,Uber,stantyan,uberX,1,Male,1,Russia,72.91,1000,13.72,42.9,-13,none,1,0.31981352,0.007673611,11, 12:16AM,0,Saint Petersburg,1
Completed,Uber,stantyan,uberX,1,Male,1,Russia,77.75,224,2.88,6.34,-18,none,1,0.454258675,0.007673611,11, 12:28AM,0,Saint Petersburg,1
Completed,Uber,stantyan,uberX,1,Male,1,Russia,79.36,118,1.49,1.59,-17,snow,0,0.937106918,0.007685185,11, 12:41AM,0,Saint Petersburg,1
Completed,Uber,stantyan,uberX,1,Male,1,Russia,79.36,110,1.39,1.75,-16,none,1,0.794285714,0.007708333,11, 12:42AM,0,Saint Petersburg,1
Completed,Uber,stantyan,uberX,1,Male,1,Russia,77.97,357,4.58,12.39,2,rain,0,0.369652946,0.007743056,11, 12:48AM,0,Saint Petersburg,1
Completed,Uber,stantyan,uberX,1,Male,1,Russia,75.09,353,4.7,13.21,0,none,1,0.355791067,0.007766204,11, 12:57AM,0,Saint Petersburg,1
Completed,Uber,stantyan,uberX,1,Male,1,Russia,75.31,94,1.25,1.06,1,none,1,1.179245283,0.007800926,11, 2:16AM,2,Saint Petersburg,1
Completed,Uber,stantyan,uberX,1,Male,1,Russia,74.87,344,4.59,15.68,-10,none,1,0.292729592,0.007800926,11, 2:33AM,2,Saint Petersburg,1
Completed,Gett,stantyan,Comfort,0,Male,1,Russia,71.87,354,4.93,5.71,2,rain,0,61.99649737,0.007835648,11, 3:18AM,3,Saint Petersburg,1
Completed,Uber,stantyan,uberX,1,Male,1,Russia,69.94,151,2.16,3.51,1,none,1,0.615384615,0.007858796,11, 3:55AM,3,Saint Petersburg,1
Completed,Gett,stantyan,Comfort,0,Male,1,Russia,68.11,204,3,5.9,4,none,1,34.57627119,0.007858796,11, 4:34AM,4,Saint Petersburg,1
Completed,Uber,stantyan,uberX,1,Male,1,Russia,67.85,126,1.86,2.74,-5,none,1,0.678832117,0.007881944,11, 4:47AM,4,Saint Petersburg,1
Completed,Uber,stantyan,uberX,1,Male,1,Russia,68.6,229,3.34,6.42,3,none,1,0.520249221,0.007893519,11, 5:09AM,5,Saint Petersburg,1
Completed,Uber,stantyan,uberX,1,Male,1,Russia,68.6,194,2.83,5.92,2,none,1,0.478040541,0.007893519,11, 6:13AM,6,Saint Petersburg,1
Cancelled,Uber,stantyan,uberX,1,Male,1,Russia,67.5,135,2,0.92,7,rain,0,2.173913043,0.007905093,11, 6:16AM,6,Saint Petersburg,1
Completed,Gett,stantyan,Comfort,0,Male,1,Russia,67.5,130,1.93,2.15,7,rain,0,60.46511628,0.007916667,11, 6:59AM,6,Saint Petersburg,1
Completed,Uber,stantyan,uberBLACK,0,Male,1,Russia,69.05,1818,26.33,46.74,6,none,1,38.89602054,0.007916667,11, 7:03AM,7,Saint Petersburg,1
Completed,Uber,stantyan,uberX,1,Male,1,Russia,67.99,209,3.07,6.74,11,none,1,0.455489614,0.007939815,11, 7:40AM,7,Saint Petersburg,1
Completed,Uber,stantyan,uberX,1,Male,1,Russia,67.11,369,5.5,15.08,11,none,1,0.364721485,0.007939815,11, 7:44AM,7,Saint Petersburg,1
Completed,Uber,stantyan,uberX,1,Male,1,Russia,67.35,1000,14.85,45.68,2,none,1,0.325087566,0.007951389,11, 8:38AM,8,Saint Petersburg,1
Completed,Uber,stantyan,uberX,1,Female,0,Russia,66.86,164,2.45,4.23,2,none,1,0.579196217,0.007951389,11, 8:45AM,8,Saint Petersburg,1
Completed,Uber,stantyan,uberX,1,Male,1,Russia,68.5,223,3.26,6.24,14,none,1,0.522435897,0.007951389,11, 8:58AM,8,Saint Petersburg,1
Completed,Uber,stantyan,uberX,1,Male,1,Russia,65.87,244,3.7,10.61,8,none,1,0.348727615,0.007997685,11, 8:59AM,8,Saint Petersburg,1
Completed,Uber,stantyan,uberX,1,Male,1,Russia,65.68,209,3.18,7.08,9,none,1,0.449152542,0.008090278,11, 9:10AM,9,Saint Petersburg,1
Completed,Uber,stantyan,uberX,1,Male,1,Russia,65.68,208,3.17,6.78,9,none,1,0.467551622,0.008090278,11, 9:12AM,9,Saint Petersburg,1
Completed,Uber,stantyan,uberX,1,Male,1,Russia,64.88,271,4.18,11.33,15,none,1,0.368932039,0.008101852,11, 9:19AM,9,Saint Petersburg,1
Completed,Uber,stantyan,uberX,1,Male,1,Russia,66.38,112,1.69,2.38,18,none,1,0.710084034,0.008136574,11, 9:20AM,9,Saint Petersburg,1
Completed,Uber,stantyan,uberX,1,Male,1,Russia,66.62,232,3.48,8.01,17,none,1,0.434456929,0.008171296,11, 9:22AM,9,Saint Petersburg,1
Cancelled,Uber,stantyan,uberX,1,Male,1,Russia,65.37,99,1.51,0.01,17,none,1,151,0.008229167,11, 9:24AM,9,Saint Petersburg,1
Completed,Uber,stantyan,uberX,1,Male,1,Russia,65.37,268,4.1,10.99,17,none,1,0.373066424,0.008310185,12, 9:39AM,9,Saint Petersburg,1
Completed,Uber,stantyan,uberX,1,Male,1,Russia,65.92,188,2.85,5.33,21,none,1,0.534709193,0.008333333,12, 9:43AM,9,Saint Petersburg,1
Completed,Uber,stantyan,uberX,1,Male,1,Russia,65.92,318,4.82,9.4,22,none,1,0.512765957,0.008391204,12, 9:50AM,9,Saint Petersburg,1
Completed,Uber,stantyan,uberX,1,Male,1,Russia,65.92,321,4.87,14.68,21,none,1,0.331743869,0.008402778,12, 02:01PM,14,Saint Petersburg,1
Completed,Uber,stantyan,uberX,1,Male,1,Russia,65.92,206,3.13,7.11,18,none,1,0.440225035,0.008414352,12, 02:03PM,14,Saint Petersburg,1
Completed,Uber,stantyan,uberX,1,Male,1,Russia,65.92,136,2.06,3.77,17,none,1,0.546419098,0.0084375,12, 02:10PM,14,Saint Petersburg,1
Completed,Uber,stantyan,uberX,1,Male,1,Russia,65.02,243,3.74,8.14,10,none,1,0.459459459,0.008449074,12, 02:20PM,14,Saint Petersburg,1
Completed,Uber,stantyan,uberX,1,Male,1,Russia,65.02,211,3.25,5.39,13,none,1,0.60296846,0.008460648,12, 02:24PM,14,Saint Petersburg,1
Completed,Uber,stantyan,uberX,1,Male,1,Russia,65.21,377,5.78,15.14,17,none,1,0.381770145,0.008506944,12, 02:25PM,14,Saint Petersburg,1
Completed,Uber,stantyan,uberX,1,Male,1,Russia,65.21,214,3.28,6.47,16,none,1,0.506955178,0.008576389,12, 02:46PM,14,Saint Petersburg,1
Completed,Uber,stantyan,uberX,1,Male,1,Russia,65.21,267,4.09,13.04,15,none,1,0.313650307,0.008576389,12, 02:56PM,14,Saint Petersburg,1
Completed,Uber,stantyan,uberX,1,Male,1,Russia,65.21,322,4.94,12.05,18,none,1,0.409958506,0.008599537,12, 02:58PM,14,Saint Petersburg,1
Completed,Uber,stantyan,uberX,1,Female,0,Russia,65.21,424,6.5,17.11,18,none,1,0.379894798,0.008611111,12, 02:59PM,14,Saint Petersburg,1
Completed,Uber,stantyan,uberX,1,Male,1,Russia,65.21,129,1.98,3.01,19,none,1,0.657807309,0.008657407,12, 03:02PM,15,Saint Petersburg,1
Completed,Uber,stantyan,uberX,1,Male,1,Russia,65.59,165,2.52,4.22,18,none,1,0.597156398,0.008657407,12, 03:05PM,15,Saint Petersburg,1
Completed,Uber,stantyan,uberX,1,Male,1,Russia,64.79,140,2.16,3.7,15,none,1,0.583783784,0.008726852,12, 03:18PM,15,Saint Petersburg,1
Completed,Uber,stantyan,uberX,1,Male,1,Russia,64.79,241,3.72,8.16,18,rain,0,0.455882353,0.00875,12, 03:21PM,15,Saint Petersburg,1
Completed,Uber,stantyan,uberX,1,Male,1,Russia,66.75,257,3.85,5.09,14,none,1,0.756385069,0.008784722,12, 03:21PM,15,Saint Petersburg,1
Completed,Uber,stantyan,uberX,1,Male,1,Russia,66.79,332,4.97,6.73,16,none,1,0.738484398,0.008819444,12, 03:26PM,15,Saint Petersburg,1
Completed,Uber,stantyan,uberX,1,Male,1,Russia,66.04,379,5.74,20.68,15,none,1,0.277562863,0.008842593,12, 03:33PM,15,Saint Petersburg,1
Completed,Uber,stantyan,uberX,1,Male,1,Russia,66.04,387,5.86,15.98,16,none,1,0.366708385,0.008888889,12, 03:38PM,15,Saint Petersburg,1
Completed,Uber,stantyan,uberX,1,Male,1,Russia,66.1,81,1.23,1.85,16,none,1,0.664864865,0.008946759,12, 03:39PM,15,Saint Petersburg,1
Cancelled,Uber,stantyan,uberX,1,Male,1,Russia,66.42,165,2.48,0.93,23,none,1,2.666666667,0.009027778,13, 03:40PM,15,Saint Petersburg,1
Completed,Uber,stantyan,uberX,1,Male,1,Russia,64.7,114,1.76,3.38,16,none,1,0.520710059,0.009039352,13, 03:43PM,15,Saint Petersburg,1
Completed,Uber,stantyan,uberX,1,Male,1,Russia,64.7,235,3.63,10.11,13,none,1,0.359050445,0.009097222,13, 03:50PM,15,Saint Petersburg,1
Completed,Uber,stantyan,uberX,1,Male,1,Russia,65.37,271,4.15,10.17,10,rain,0,0.40806293,0.009097222,13, 03:53PM,15,Saint Petersburg,1
Completed,Uber,stantyan,uberX,1,Male,1,Russia,65.37,142,2.17,4.6,13,rain,0,0.47173913,0.009143519,13, 03:53PM,15,Saint Petersburg,1
Completed,Uber,stantyan,uberX,1,Male,1,Russia,65.37,209,3.2,9.96,9,none,1,0.321285141,0.009155093,13, 03:57PM,15,Saint Petersburg,1
Completed,Uber,stantyan,uberX,1,Male,1,Russia,65.57,226,3.45,10.53,8,none,1,0.327635328,0.009166667,13, 03:57PM,15,Saint Petersburg,1
Completed,Uber,stantyan,uberX,1,Male,1,Russia,65.53,253,3.86,11.6,22,none,1,0.332758621,0.009178241,13, 04:03PM,16,Saint Petersburg,1
Completed,Uber,stantyan,uberX,1,Male,1,Russia,65.73,329,5.01,13.31,19,rain,0,0.376408715,0.009201389,13, 04:04PM,16,Saint Petersburg,1
Completed,Uber,stantyan,uberX,1,Male,1,Russia,64.78,400,6.17,13.6,20,rain,0,0.453676471,0.009201389,13, 04:04PM,16,Saint Petersburg,1
Completed,Uber,stantyan,uberX,1,Male,1,Russia,64.78,265,4.09,12.34,18,rain,0,0.331442464,0.009224537,13, 04:05PM,16,Saint Petersburg,1
Completed,Uber,stantyan,uberX,1,Male,1,Russia,64.57,86,1.33,1.46,15,rain,0,0.910958904,0.009293981,13, 04:06PM,16,Saint Petersburg,1
Completed,Uber,stantyan,uberX,1,Male,1,Russia,64.27,243,3.78,10.8,20,rain,0,0.35,0.009328704,13, 04:08PM,16,Saint Petersburg,1
Completed,Uber,stantyan,uberX,1,Male,1,Russia,65.68,137,2.09,4.51,22,none,1,0.463414634,0.009363426,13, 04:08PM,16,Saint Petersburg,1
Completed,Uber,stantyan,uberX,1,Male,1,Russia,65.68,188,2.86,5.05,23,none,1,0.566336634,0.009375,13, 04:11PM,16,Saint Petersburg,1
Completed,Uber,stantyan,uberX,1,Male,1,Russia,65.68,117,1.78,3.93,22,none,1,0.452926209,0.009409722,13, 04:19PM,16,Saint Petersburg,1
Completed,Uber,stantyan,uberX,1,Male,1,Russia,63.84,214,3.35,7.23,17,none,1,0.463347165,0.009409722,13, 04:37PM,16,Saint Petersburg,1
Completed,Uber,stantyan,uberX,1,Male,1,Russia,63.95,147,2.3,4.7,16,none,1,0.489361702,0.009456019,13, 04:39AM,16,Saint Petersburg,1
Completed,Uber,stantyan,uberX,1,Female,0,Russia,64.85,302,4.66,14.24,20,none,1,0.327247191,0.009456019,13, 04:40PM,16,Saint Petersburg,1
Completed,Uber,stantyan,uberX,1,Male,1,Russia,64.85,135,2.08,3.51,22,none,1,0.592592593,0.009490741,13, 04:43PM,16,Saint Petersburg,1
Completed,Uber,stantyan,uberX,1,Male,1,Russia,64.85,286,4.41,12.33,22,none,1,0.357664234,0.009560185,13, 04:49PM,16,Saint Petersburg,1
Completed,Gett,stantyan,EconomyFix,0,Male,1,Russia,66.05,174,2.63,23.7,22,none,1,7.341772152,0.00962963,13, 04:52PM,16,Saint Petersburg,1
Completed,Gett,stantyan,EconomyFix,0,Male,1,Russia,66.05,149,2.26,3.74,21,none,1,39.83957219,0.009675926,14, 04:56PM,16,Saint Petersburg,1
Completed,Gett,stantyan,EconomyFix,0,Male,1,Russia,66.05,349,5.28,9.54,21,none,1,36.58280922,0.009768519,14, 05:00PM,17,Saint Petersburg,1
Completed,Uber,stantyan,uberX,1,Male,1,Russia,67,170,2.54,2.77,20,none,1,0.916967509,0.009780093,14, 05:06PM,17,Saint Petersburg,1
Completed,Uber,stantyan,uberX,1,Male,1,Russia,67,148,2.21,2.64,20,rain,0,0.837121212,0.009803241,14, 05:10PM,17,Saint Petersburg,1
Completed,Uber,stantyan,uberX,1,Male,1,Russia,66.83,114,1.71,3.38,21,rain,0,0.50591716,0.009803241,14, 05:11PM,17,Saint Petersburg,1
Completed,Uber,stantyan,uberX,1,Male,1,Russia,65.68,186,2.83,4.92,21,none,1,0.575203252,0.009826389,14, 05:13PM,17,Saint Petersburg,1
Completed,Uber,stantyan,uberX,1,Male,1,Russia,64.72,607,9.38,37.16,22,none,1,0.252421959,0.009872685,14, 05:16PM,17,Saint Petersburg,1
Completed,Uber,stantyan,uberX,1,Male,1,Russia,64.69,180,2.78,5.89,21,none,1,0.471986418,0.009895833,14, 05:19PM,17,Saint Petersburg,1
Completed,Uber,stantyan,uberX,1,Male,1,Russia,64.46,159,2.47,4.88,17,none,1,0.506147541,0.009907407,14, 05:20PM,17,Saint Petersburg,1
Completed,Uber,stantyan,uberX,1,Male,1,Russia,64.46,284,4.41,7,15,none,1,0.63,0.00994213,14, 05:33PM,17,Saint Petersburg,1
Completed,Uber,stantyan,uberX,1,Female,0,Russia,64.22,431,6.71,12.47,14,none,1,0.538091419,0.009953704,14, 05:42PM,17,Saint Petersburg,1
Completed,Uber,stantyan,uberX,1,Male,1,Russia,64.77,109,1.68,2.57,16,none,1,0.653696498,0.009965278,14, 05:43PM,17,Saint Petersburg,1
Completed,Uber,stantyan,uberX,1,Male,1,Russia,64.73,334,5.16,10.33,18,none,1,0.499515973,0.01,14, 05:44PM,17,Saint Petersburg,1
Completed,Uber,stantyan,uberX,1,Male,1,Russia,64.73,140,2.16,3.22,18,none,1,0.670807453,0.010011574,14, 05:44PM,17,Saint Petersburg,1
Completed,Uber,stantyan,uberBEAUTY,0,Male,1,Russia,65.28,200,3.06,0.01,12,rain,0,20000,0.010046296,14, 05:47PM,17,Saint Petersburg,1
Completed,Uber,stantyan,uberX,1,Male,1,Russia,63.67,87,1.37,1.64,12,none,1,0.835365854,0.010046296,14, 05:47PM,17,Saint Petersburg,1
Completed,Uber,stantyan,uberX,1,Male,1,Russia,63.67,97,1.52,1.79,11,none,1,0.849162011,0.01005787,14, 05:56PM,17,Saint Petersburg,1
Completed,Uber,stantyan,uberX,1,Male,1,Russia,64.08,143,2.23,4.33,9,none,1,0.515011547,0.010081019,14, 05:58PM,17,Saint Petersburg,1
Cancelled,Uber,stantyan,uberX,1,Male,1,Russia,64.08,85.5,1.33,0.02,9,rain,0,66.5,0.010081019,14, 06:05PM,18,Saint Petersburg,1
Completed,Uber,stantyan,uberX,1,Male,1,Russia,64.08,224.22,3.5,4.3,9,rain,0,0.813953488,0.010104167,14, 06:13PM,18,Saint Petersburg,1
Completed,Uber,stantyan,uberX,1,Male,1,Russia,64.08,299.74,4.68,10.78,10,rain,0,0.434137291,0.010138889,14, 06:18PM,18,Saint Petersburg,1
Completed,Uber,stantyan,uberX,1,Male,1,Russia,64.08,348.32,5.44,13.49,11,rain,0,0.403261675,0.010173611,14, 06:18PM,18,Saint Petersburg,1
Completed,Gett,stantyan,Comfort,0,Male,1,Russia,64.08,306,4.78,9.27,12,rain,0,33.00970874,0.010185185,14, 06:36PM,18,Saint Petersburg,1
Completed,Gett,stantyan,Comfort,0,Male,1,Russia,64.08,306,4.78,7.84,10,none,1,39.03061224,0.010196759,14, 06:39PM,18,Saint Petersburg,1
Completed,Gett,stantyan,Comfort,0,Male,1,Russia,64.06,482,7.52,17.13,12,none,1,28.13776999,0.010208333,14, 07:11PM,19,Saint Petersburg,1
Completed,Gett,stantyan,Comfort,0,Male,1,Russia,64.06,418,6.52,12.89,12,none,1,32.42823894,0.010219907,14, 07:16PM,19,Saint Petersburg,1
Completed,Uber,stantyan,uberX,1,Male,1,Russia,63.92,246.99,3.86,9.16,10,none,1,0.42139738,0.010219907,14, 07:28PM,19,Saint Petersburg,1
Completed,Gett,stantyan,EconomyFix,0,Male,1,Russia,63.92,399,6.24,11.78,12,none,1,33.87096774,0.010243056,14, 07:29PM,19,Saint Petersburg,1
Completed,Gett,stantyan,EconomyFix,0,Male,1,Russia,63.92,324,5.07,10.66,13,none,1,30.39399625,0.010266204,14, 07:33PM,19,Saint Petersburg,1
Completed,Gett,stantyan,EconomyFix,0,Male,1,Russia,63.92,374,5.85,12.84,13,none,1,29.12772586,0.010289352,14, 07:33PM,19,Saint Petersburg,1
Completed,Gett,stantyan,Comfort,0,Male,1,Russia,63.11,190,3.01,4.88,10,none,1,38.93442623,0.0103125,14, 07:38PM,19,Saint Petersburg,1
Completed,Gett,stantyan,Business,0,Male,1,Russia,63.11,419,6.64,7.6,11,none,1,55.13157895,0.010324074,14, 07:44PM,19,Saint Petersburg,1
Completed,Gett,stantyan,EconomyFix,0,Male,1,Russia,62.87,336,5.34,10.56,14,rain,0,31.81818182,0.010335648,14, 07:46PM,19,Saint Petersburg,1
Completed,Uber,stantyan,uberX,1,Male,1,Russia,62.87,308.71,4.91,10.85,15,rain,0,0.452534562,0.010358796,15, 07:47PM,19,Saint Petersburg,1
Completed,Gett,stantyan,EconomyFix,0,Male,1,Russia,62.87,336,5.34,10.71,14,rain,0,31.37254902,0.010428241,15, 07:48PM,19,Saint Petersburg,1
Completed,Uber,stantyan,uberX,1,Male,1,Russia,62.87,149.1,2.37,3.73,14,rain,0,0.63538874,0.010474537,15, 07:52PM,19,Saint Petersburg,1
Completed,Uber,stantyan,uberX,1,Male,1,Russia,62.87,216.19,3.44,8.18,13,rain,0,0.420537897,0.010486111,15, 07:54PM,19,Saint Petersburg,1
Completed,Uber,stantyan,uberX,1,Male,1,Russia,62.23,143.18,2.3,4.86,7,none,1,0.473251029,0.010486111,15, 07:59PM,19,Saint Petersburg,1
Completed,Uber,stantyan,uberX,1,Male,1,Russia,62.23,194.03,3.12,6.12,7,none,1,0.509803922,0.010543981,15, 08:14PM,20,Saint Petersburg,1
Completed,Gett,stantyan,EconomyFix,0,Male,1,Russia,62.06,284,4.58,7.63,6,none,1,37.2214941,0.010555556,15, 08:20PM,20,Saint Petersburg,1
Completed,Gett,stantyan,EconomyFix,0,Male,1,Russia,62.06,128,2.06,3.44,7,none,1,37.20930233,0.010578704,15, 08:21PM,20,Saint Petersburg,1
Completed,Uber,stantyan,uberX,1,Male,1,Russia,62.92,262.6,4.17,10.3,4,none,1,0.404854369,0.010613426,15, 08:22AM,20,Saint Petersburg,1
Completed,Uber,stantyan,uberX,1,Male,1,Russia,62.92,282.13,4.48,10.75,5,rain,0,0.416744186,0.010636574,15, 08:22PM,20,Saint Petersburg,1
Completed,Uber,stantyan,uberX,1,Male,1,Russia,62.77,178.12,2.84,6.05,4,none,1,0.469421488,0.010636574,15, 08:22PM,20,Saint Petersburg,1
Completed,Uber,stantyan,uberX,1,Male,1,Russia,62.77,172.96,2.76,5.92,4,none,1,0.466216216,0.010694444,15, 08:23PM,20,Saint Petersburg,1
Completed,Uber,stantyan,uberX,1,Male,1,Russia,62.29,230.5,3.7,10.04,3,none,1,0.368525896,0.010729167,15, 08:30PM,20,Saint Petersburg,1
Completed,Uber,stantyan,uberX,1,Male,1,Russia,62.48,122.42,1.96,2.59,3,none,1,0.756756757,0.010740741,15, 08:31PM,20,Saint Petersburg,1
Completed,Uber,stantyan,uberX,1,Male,1,Russia,62.22,277.06,4.45,14.26,2,none,1,0.312061711,0.010740741,15, 08:33PM,20,Saint Petersburg,1
Completed,Uber,stantyan,uberX,1,Male,1,Russia,62.8,241.09,3.84,10.77,0,none,1,0.356545961,0.010763889,15, 08:33PM,20,Saint Petersburg,1
Completed,Uber,stantyan,uberX,1,Male,1,Russia,62.8,400.5,6.38,14.97,1,none,1,0.426185705,0.010787037,15, 08:44PM,20,Saint Petersburg,1
Completed,Uber,stantyan,uberX,1,Male,1,Russia,62.71,438.42,6.99,14.5,4,rain,0,0.482068966,0.010810185,15, 08:45PM,20,Saint Petersburg,1
Completed,Uber,stantyan,uberX,1,Male,1,Russia,62.9,243,3.86,10.8,5,rain,0,0.357407407,0.010810185,15, 08:50PM,20,Saint Petersburg,1
Completed,Uber,stantyan,uberX,1,Male,1,Russia,63.33,314.21,4.96,10.88,0,none,1,0.455882353,0.010844907,15, 08:59PM,20,Saint Petersburg,1
Completed,Gett,stantyan,EconomyFix,0,Male,1,Russia,63.33,570,9,22.63,0,none,1,25.1878038,0.010856481,15, 09:08PM,21,Saint Petersburg,1
Completed,Uber,stantyan,uberX,1,Male,1,Russia,63.57,167.77,2.64,5.76,-3,none,1,0.458333333,0.01087963,15, 09:08PM,21,Saint Petersburg,1
Completed,Gett,stantyan,EconomyFix,0,Male,1,Russia,63.6,336,5.28,10.04,-2,none,1,33.46613546,0.01087963,15, 09:12PM,21,Saint Petersburg,1
Completed,Uber,stantyan,uberX,1,Male,1,Russia,63.78,376.32,5.9,10.43,-7,snow,0,0.565675935,0.010891204,15, 09:15PM,21,Saint Petersburg,1
Completed,Uber,stantyan,uberX,1,Male,1,Russia,63.64,231.75,3.64,7.24,-5,none,1,0.502762431,0.010891204,15, 09:16PM,21,Saint Petersburg,1
Completed,Uber,stantyan,uberX,1,Male,1,Russia,65.83,373.07,5.67,10.49,-3,none,1,0.540514776,0.010914352,15, 09:20PM,21,Saint Petersburg,1
Completed,Uber,stantyan,uberX,1,Female,0,Russia,64.97,266.37,4.1,10.4,0,snow,0,0.394230769,0.0109375,15, 09:23PM,21,Saint Petersburg,1
Completed,Uber,stantyan,uberX,1,Male,1,Russia,63.73,155.43,2.44,5.94,1,none,1,0.410774411,0.010960648,15, 09:29PM,21,Saint Petersburg,1
Completed,Uber,stantyan,uberX,1,Male,1,Russia,63.73,237.54,3.73,8.16,1,none,1,0.457107843,0.010972222,15, 09:36PM,21,Saint Petersburg,1
Cancelled,Uber,stantyan,uberBLACK,0,Male,1,Russia,64.9,661.5,10.19,8.11,1,snow,0,81.56596794,0.011018519,15, 09:36PM,21,Saint Petersburg,1
Completed,Uber,stantyan,uberX,1,Male,1,Russia,64.9,148.7,2.29,5.13,1,none,1,0.446393762,0.011041667,15, 09:36PM,21,Saint Petersburg,1
Completed,Uber,stantyan,uberX,1,Male,1,Russia,64.9,107.29,1.65,2.25,0,none,1,0.733333333,0.011053241,16, 09:39PM,21,Saint Petersburg,1
Completed,Uber,stantyan,uberX,1,Male,1,Russia,64.9,148.1,2.28,4.15,0,none,1,0.54939759,0.011099537,16, 09:39PM,21,Saint Petersburg,1
Completed,Uber,stantyan,uberX,1,Male,1,Russia,64.9,245.64,3.78,4.73,0,none,1,0.799154334,0.011122685,16, 09:40PM,21,Saint Petersburg,1
Completed,Uber,stantyan,uberX,1,Male,1,Russia,64.9,471.62,7.27,13.08,0,none,1,0.555810398,0.011145833,16, 09:44PM,21,Saint Petersburg,1
Completed,Uber,stantyan,uberBLACK,0,Male,1,Russia,64.9,410.28,6.32,4.46,2,none,1,91.99103139,0.011157407,16, 09:47PM,21,Saint Petersburg,1
Completed,Uber,stantyan,uberX,1,Male,1,Russia,64.9,175.15,2.7,5.79,2,none,1,0.466321244,0.011157407,16, 09:48PM,21,Saint Petersburg,1
Completed,Uber,stantyan,uberX,1,Male,1,Russia,64.9,134.65,2.07,4.2,-1,snow,0,0.492857143,0.011180556,16, 09:48PM,21,Saint Petersburg,1
Completed,Uber,stantyan,uberX,1,Male,1,Russia,64.9,176.07,2.71,4.51,-2,none,1,0.600886918,0.011215278,16, 09:49PM,21,Saint Petersburg,1
Completed,Uber,stantyan,uberX,1,Female,0,Russia,64.9,190.7,2.94,5.99,-2,none,1,0.49081803,0.011261574,16, 09:50PM,21,Saint Petersburg,1
Completed,Uber,stantyan,uberX,1,Male,1,Russia,64.9,305.43,4.71,12.38,-2,none,1,0.380452342,0.011273148,16, 09:59PM,21,Saint Petersburg,1
Completed,Uber,stantyan,uberX,1,Male,1,Russia,64.82,128.29,1.98,3.32,-6,none,1,0.596385542,0.011273148,16, 1:02PM,13,Saint Petersburg,1
Completed,Uber,stantyan,uberX,1,Male,1,Russia,64.82,264.64,4.08,7.63,-6,none,1,0.534731324,0.01130787,16, 1:06PM,13,Saint Petersburg,1
Completed,Uber,stantyan,uberX,1,Male,1,Russia,64.82,151.32,2.33,4.46,-6,none,1,0.522421525,0.011319444,16, 1:06PM,13,Saint Petersburg,1
Completed,Uber,stantyan,uberBLACK,0,Male,1,Russia,64.82,1468.05,22.65,20.41,-6,none,1,71.92797648,0.011319444,16, 1:09PM,13,Saint Petersburg,1
Completed,Uber,stantyan,uberX,1,Male,1,Russia,65.17,113.97,1.75,2.46,-8,none,1,0.711382114,0.011319444,16, 1:09PM,13,Saint Petersburg,1
Completed,Uber,stantyan,uberX,1,Male,1,Russia,65.17,184.31,2.83,3.73,-8,none,1,0.758713137,0.011331019,16, 1:14PM,13,Saint Petersburg,1
Completed,Uber,stantyan,uberX,1,Male,1,Russia,64.24,120.27,1.87,2.56,-7,none,1,0.73046875,0.011331019,16, 1:15PM,13,Saint Petersburg,1
Completed,Uber,stantyan,uberX,1,Male,1,Russia,60.9,234.54,3.85,10.7,-8,none,1,0.359813084,0.011331019,16, 1:20PM,13,Saint Petersburg,1
Completed,Uber,stantyan,uberX,1,Male,1,Russia,60.9,345.63,5.68,13.1,-8,none,1,0.433587786,0.011342593,16, 1:23PM,13,Saint Petersburg,1
Completed,Uber,stantyan,uberX,1,Male,1,Russia,60.62,146.22,2.41,2.32,-8,none,1,1.038793103,0.011342593,16, 1:23PM,13,Saint Petersburg,1
Cancelled,Uber,stantyan,uberX,1,Male,1,Russia,60.62,99,1.63,0.01,-7,none,1,163,0.011342593,16, 1:27PM,13,Saint Petersburg,1
Completed,Uber,stantyan,uberX,1,Male,1,Russia,60.62,112.88,1.86,2.16,-7,none,1,0.861111111,0.011377315,16, 1:29PM,13,Saint Petersburg,1
Completed,Uber,stantyan,uberX,1,Male,1,Russia,62.09,355.85,5.73,12.97,-5,none,1,0.441788743,0.011388889,16, 1:32PM,13,Saint Petersburg,1
Completed,Uber,stantyan,uberBLACK,0,Male,1,Russia,62.07,542.45,8.74,8.37,-2,none,1,64.8088411,0.011435185,16, 1:35PM,13,Saint Petersburg,1
Completed,Uber,stantyan,uberX,1,Male,1,Russia,62.07,294.65,4.75,9.46,-1,none,1,0.502114165,0.011435185,16, 1:36PM,13,Saint Petersburg,1
Completed,Uber,stantyan,uberX,1,Male,1,Russia,62.07,364.52,5.87,9.69,0,none,1,0.605779154,0.011458333,16, 1:37PM,13,Saint Petersburg,1
Completed,Uber,stantyan,uberX,1,Male,1,Russia,61.91,326.98,5.28,14.44,0,none,1,0.36565097,0.011469907,16, 1:38PM,13,Saint Petersburg,1
Completed,Uber,stantyan,uberX,1,Male,1,Russia,61.17,574,9.38,9.88,2,none,1,0.949392713,0.011481481,16, 1:39PM,13,Saint Petersburg,1
Completed,Uber,stantyan,uberX,1,Male,1,Russia,61.17,355.42,5.81,12.3,3,none,1,0.472357724,0.01150463,16, 1:39PM,13,Saint Petersburg,1
Completed,Uber,stantyan,uberX,1,Male,1,Russia,61.17,226,3.69,10.48,3,none,1,0.352099237,0.011527778,16, 1:44PM,13,Saint Petersburg,1
Completed,Uber,stantyan,uberX,1,Male,1,Russia,61.17,253.61,4.15,5.49,2,rain,0,0.755919854,0.011550926,16, 1:45PM,13,Saint Petersburg,1
Completed,Uber,stantyan,uberX,1,Male,1,Russia,60.51,166.71,2.76,2.38,-2,none,1,1.159663866,0.011550926,16, 1:48PM,13,Saint Petersburg,1
Completed,Uber,stantyan,uberX,1,Male,1,Russia,60.51,171.04,2.83,4.12,-3,none,1,0.686893204,0.0115625,16, 1:51PM,13,Saint Petersburg,1
Completed,Uber,stantyan,uberX,1,Male,1,Russia,60.51,288.95,4.78,8.42,-3,none,1,0.567695962,0.011597222,16, 1:53PM,13,Saint Petersburg,1
Completed,Uber,stantyan,uberX,1,Male,1,Russia,60.49,244.4,4.04,10.27,0,none,1,0.393378773,0.01162037,16, 1:54PM,13,Saint Petersburg,1
Completed,Uber,stantyan,uberX,1,Male,1,Russia,60.49,204.61,3.38,2.41,0,none,1,1.402489627,0.011631944,16, 1:55PM,13,Saint Petersburg,1
Completed,Uber,stantyan,uberX,1,Male,1,Russia,60.49,129.19,2.14,2.17,2,none,1,0.986175115,0.011643519,16, 1:56PM,13,Saint Petersburg,1
Completed,Uber,stantyan,uberBLACK,0,Male,1,Russia,60.6,1800,29.7,31.35,-19,none,1,57.41626794,0.011655093,16, 1:57PM,13,Saint Petersburg,1
Completed,Uber,stantyan,uberX,1,Male,1,Russia,59.6,700,11.74,33.35,-16,snow,0,0.352023988,0.011655093,16, 1:57PM,13,Saint Petersburg,1
Completed,Uber,stantyan,uberX,1,Male,1,Russia,59.81,167.4,2.8,4.81,-5,none,1,0.582120582,0.011701389,16, 1:57PM,13,Saint Petersburg,1
Completed,Uber,stantyan,uberX,1,Male,1,Russia,59.81,172.6,2.89,5.66,-6,none,1,0.510600707,0.011736111,16, 1:57PM,13,Saint Petersburg,1
Completed,Uber,stantyan,uberX,1,Male,1,Russia,59.47,181.32,3.05,2.43,-3,none,1,1.255144033,0.011828704,17, 10:05PM,22,Saint Petersburg,1
Completed,Uber,stantyan,uberX,1,Male,1,Russia,59.47,109.36,1.84,2.41,-3,none,1,0.763485477,0.011851852,17, 10:06PM,22,Saint Petersburg,1
Completed,Uber,stantyan,uberX,1,Male,1,Russia,59.47,162.33,2.73,4.89,-3,none,1,0.558282209,0.011851852,17, 10:06PM,22,Saint Petersburg,1
Completed,Uber,stantyan,uberX,1,Male,1,Russia,59.47,192.49,3.24,6.08,-3,none,1,0.532894737,0.011886574,17, 10:08PM,22,Saint Petersburg,1
Completed,Uber,stantyan,uberX,1,Male,1,Russia,59.47,227.31,3.82,7.4,-3,none,1,0.516216216,0.011921296,17, 10:10PM,22,Saint Petersburg,1
Completed,Uber,stantyan,uberX,1,Male,1,Russia,59.6,254.43,4.27,10.77,0,snow,0,0.396471681,0.011967593,17, 10:11PM,22,Saint Petersburg,1
Completed,Uber,stantyan,uberX,1,Male,1,Russia,59.6,315.79,5.3,13.89,0,none,1,0.381569474,0.012094907,17, 10:12PM,22,Saint Petersburg,1
Completed,Uber,stantyan,uberX,1,Male,1,Russia,59.82,388.65,6.5,10.12,-4,none,1,0.64229249,0.012106481,17, 10:12PM,22,Saint Petersburg,1
Completed,Uber,stantyan,uberX,1,Male,1,Russia,59.7,700,11.73,34.08,1,none,1,0.344190141,0.012141204,17, 10:13PM,22,Saint Petersburg,1
Completed,Uber,stantyan,uberX,1,Male,1,Russia,59.6,375.55,6.3,11.6,-9,none,1,0.543103448,0.012141204,17, 10:13PM,22,Saint Petersburg,1
Completed,Uber,stantyan,uberX,1,Male,1,Russia,59.6,455.78,7.65,12.83,-7,none,1,0.596258769,0.012152778,17, 10:14PM,22,Saint Petersburg,1
Completed,Uber,stantyan,uberX,1,Male,1,Russia,60.31,700,11.61,33.74,1,none,1,0.344101956,0.012152778,17, 10:19PM,22,Saint Petersburg,1
Completed,Uber,stantyan,uberX,1,Female,0,Russia,59.01,357.41,6.06,11.62,-2,none,1,0.52151463,0.012164352,17, 10:22PM,22,Saint Petersburg,1
Completed,Uber,stantyan,uberX,1,Male,1,Russia,59.01,382.65,6.48,13.23,-2,none,1,0.489795918,0.012199074,17, 10:29PM,22,Saint Petersburg,1
Completed,Uber,stantyan,uberX,1,Male,1,Russia,59.21,364.75,6.16,13.62,-9,none,1,0.452276065,0.012210648,17, 10:29PM,22,Saint Petersburg,1
Completed,Uber,stantyan,uberX,1,Male,1,Russia,59,207.77,3.52,6.55,-10,none,1,0.53740458,0.012233796,17, 10:29PM,22,Saint Petersburg,1
Completed,Uber,stantyan,uberX,1,Male,1,Russia,59,234.06,3.97,7.29,-11,none,1,0.544581619,0.012256944,17, 10:33PM,22,Saint Petersburg,1
Completed,Uber,stantyan,uberX,1,Male,1,Russia,57.07,700,12.26,34.07,3,none,1,0.359847373,0.012291667,17, 10:36PM,22,Saint Petersburg,1
Completed,Uber,stantyan,uberX,1,Male,1,Russia,58.27,203,3.48,6.69,-2,none,1,0.520179372,0.012314815,17, 10:36PM,22,Saint Petersburg,1
Completed,Uber,stantyan,uberX,1,Male,1,Russia,58.27,259,4.44,7.72,-3,none,1,0.575129534,0.012314815,17, 10:38PM,22,Saint Petersburg,1
Completed,Uber,stantyan,uberX,1,Male,1,Russia,57.22,244,4.26,7.11,5,none,1,0.599156118,0.012326389,17, 10:39PM,22,Saint Petersburg,1
Completed,Uber,stantyan,uberX,1,Male,1,Russia,57.22,205,3.58,7.35,3,none,1,0.48707483,0.012337963,17, 10:40PM,22,Saint Petersburg,1
Completed,Uber,stantyan,uberX,1,Male,1,Russia,57.22,434,7.58,21.16,3,none,1,0.358223062,0.012349537,17, 10:40PM,22,Saint Petersburg,1
Completed,Uber,stantyan,uberX,1,Male,1,Russia,57.22,391,6.83,23.06,2,none,1,0.296183868,0.012361111,17, 10:41PM,22,Saint Petersburg,1
Completed,Uber,stantyan,uberX,1,Male,1,Russia,57.39,305.1,5.32,9.46,3,none,1,0.562367865,0.012372685,17, 10:44PM,22,Saint Petersburg,1
Completed,Gett,stantyan,EconomyFix,0,Male,1,Russia,56.26,234,4.16,5.06,5,none,1,46.24505929,0.012372685,17, 10:48PM,22,Saint Petersburg,1
Completed,Gett,stantyan,EconomyFix,0,Male,1,Russia,56.26,226,4.02,7.31,5,none,1,30.91655267,0.012418981,17, 10:53PM,22,Saint Petersburg,1
Completed,Gett,stantyan,EconomyFix,0,Male,1,Russia,57.23,116,2.03,3.24,7,rain,0,35.80246914,0.012418981,17, 10:59PM,22,Saint Petersburg,1
Completed,Gett,stantyan,EconomyFix,0,Male,1,Russia,57.41,358,6.24,12.78,7,none,1,28.01251956,0.012430556,17, 10:55PM,22,Saint Petersburg,1
Completed,Uber,stantyan,uberX,1,Male,1,Russia,57.13,142,2.49,4.73,4,none,1,0.526427061,0.012453704,17, 10:56PM,22,Saint Petersburg,1
Completed,Uber,stantyan,uberX,1,Male,1,Russia,57.13,163,2.85,6.61,5,none,1,0.431164902,0.012465278,18, 11:06PM,23,Saint Petersburg,1
Completed,Uber,stantyan,uberX,1,Male,1,Russia,57.11,161,2.82,4.89,5,none,1,0.576687117,0.012465278,18, 11:07PM,23,Saint Petersburg,1
Completed,Uber,stantyan,uberX,1,Male,1,Russia,57.1,184,3.22,10.12,13,none,1,0.318181818,0.012511574,18, 11:08AM,23,Saint Petersburg,1
Completed,Uber,stantyan,uberX,1,Male,1,Russia,56.38,560,9.93,33.78,9,none,1,0.293960924,0.012511574,18, 11:08PM,23,Saint Petersburg,1
Completed,Uber,stantyan,uberX,1,Male,1,Russia,56.38,560,9.93,44.9,13,none,1,0.221158129,0.012523148,18, 11:08PM,23,Saint Petersburg,1
Completed,Uber,stantyan,uberX,1,Male,1,Russia,56.52,260,4.6,8.38,15,none,1,0.548926014,0.012534722,18, 11:11PM,23,Saint Petersburg,1
Completed,Uber,stantyan,uberX,1,Male,1,Russia,56.52,174,3.08,8.77,16,none,1,0.351197263,0.012581019,18, 11:11PM,23,Saint Petersburg,1
Completed,Uber,stantyan,uberX,1,Male,1,Russia,56.57,160,2.83,5.7,14,none,1,0.496491228,0.012627315,18, 11:11PM,23,Saint Petersburg,1
Completed,Uber,stantyan,uberX,1,Male,1,Russia,56.57,193,3.41,6.05,14,none,1,0.563636364,0.012673611,18, 11:14PM,23,Saint Petersburg,1
Completed,Uber,stantyan,uberX,1,Male,1,Russia,56.64,146,2.58,4.72,5,none,1,0.546610169,0.012673611,18, 11:17PM,23,Saint Petersburg,1
Completed,Uber,stantyan,uberX,1,Male,1,Russia,56.64,222,3.92,6.52,5,none,1,0.601226994,0.012685185,18, 11:19PM,23,Saint Petersburg,1
Completed,Uber,stantyan,uberX,1,Male,1,Russia,56.63,266,4.7,10.98,11,none,1,0.428051002,0.012685185,18, 11:19PM,23,Saint Petersburg,1
Completed,Uber,stantyan,uberX,1,Male,1,Russia,56.63,277,4.89,15.24,13,none,1,0.320866142,0.012731481,18, 11:21PM,23,Saint Petersburg,1
Completed,Uber,stantyan,uberX,1,Male,1,Russia,56.52,422,7.47,18.27,15,none,1,0.408866995,0.01275463,18, 11:23PM,23,Saint Petersburg,1
Completed,Uber,stantyan,uberX,1,Male,1,Russia,56.52,478,8.46,18.73,17,none,1,0.451681794,0.012777778,18, 11:27PM,23,Saint Petersburg,1
Completed,Uber,stantyan,uberX,1,Male,1,Russia,57.08,594.23,10.41,33.57,19,none,1,0.310098302,0.012800926,18, 11:36PM,23,Saint Petersburg,1
Completed,Uber,stantyan,uberX,1,Male,1,Russia,57.08,630,11.04,34.97,13,none,1,0.315699171,0.0128125,18, 11:40PM,23,Saint Petersburg,1
Completed,Uber,stantyan,uberX,1,Male,1,Russia,56.91,124,2.18,4.02,12,rain,0,0.542288557,0.01287037,18, 11:45PM,23,Saint Petersburg,1
Completed,Uber,stantyan,uberX,1,Male,1,Russia,56.91,174,3.06,4.09,12,rain,0,0.748166259,0.012881944,18, 11:46PM,23,Saint Petersburg,1
Completed,Uber,stantyan,uberX,1,Male,1,Russia,57.84,203,3.51,9.66,8,none,1,0.363354037,0.012905093,18, 11:47PM,23,Saint Petersburg,1
Completed,Uber,stantyan,uberX,1,Male,1,Russia,57.84,327,5.65,5.71,9,rain,0,0.989492119,0.012916667,18, 11:49PM,23,Moscow,0
Completed,Uber,stantyan,uberX,1,Male,1,Russia,57.84,444,7.68,14.18,11,rain,0,0.541607898,0.012928241,18, 11:50PM,23,Moscow,0
Completed,Uber,stantyan,uberX,1,Male,1,Russia,57.77,148,2.56,3.91,15,rain,0,0.654731458,0.012939815,18, 11:52PM,23,Moscow,0
Completed,Uber,stantyan,uberX,1,Male,1,Russia,57.77,226,3.91,3.51,14,rain,0,1.113960114,0.012939815,18, 11:57PM,23,Moscow,0
Completed,Uber,stantyan,uberSELECT,0,Male,1,Russia,57.77,580,10.04,11.23,20,rain,0,51.64737311,0.012951389,18, 12:02PM,12,Moscow,0
Completed,Uber,stantyan,uberSELECT,0,Male,1,Russia,57.77,468,8.1,7.16,15,rain,0,65.36312849,0.012974537,18, 12:05PM,12,Moscow,0
Completed,Uber,stantyan,uberX,1,Male,1,Russia,57.74,173,3,4.73,25,rain,0,0.634249471,0.012997685,18, 12:05PM,12,Moscow,0
Completed,Uber,stantyan,uberX,1,Male,1,Russia,58.46,291,4.98,13.33,17,rain,0,0.373593398,0.013032407,18, 12:06PM,12,Moscow,0
Cancelled,Uber,stantyan,uberX,1,Male,1,Russia,58.46,49,0.84,0.01,17,none,1,84,0.013032407,18, 12:06PM,12,Saint Petersburg,1
Cancelled,Uber,stantyan,uberX,1,Male,1,Russia,58.46,50.17,0.86,0.64,17,none,1,1.34375,0.013113426,18, 12:07PM,12,Saint Petersburg,1
Completed,Uber,stantyan,uberX,1,Male,1,Russia,58.46,679,11.62,34.49,17,none,1,0.336909249,0.013148148,18, 12:08PM,12,Saint Petersburg,1
Completed,Uber,stantyan,uberX,1,Male,1,Russia,59.6,250,4.19,8.82,14,none,1,0.475056689,0.013171296,19, 12:09PM,12,Saint Petersburg,1
Completed,Uber,stantyan,uberX,1,Male,1,Russia,59.6,450.18,7.55,11.65,12,none,1,0.64806867,0.01318287,19, 12:09PM,12,Saint Petersburg,1
Completed,Uber,stantyan,uberX,1,Male,1,Russia,59.6,114,1.91,2.24,13,none,1,0.852678571,0.01318287,19, 12:10PM,12,Saint Petersburg,1
Completed,Uber,stantyan,uberX,1,Female,0,Russia,59.45,215.09,3.62,8.37,14,none,1,0.432497013,0.013194444,19, 12:10PM,12,Saint Petersburg,1
Completed,Uber,stantyan,uberX,1,Male,1,Russia,58.93,242,4.11,8.37,16,none,1,0.491039427,0.013194444,19, 12:11PM,12,Saint Petersburg,1
Completed,Uber,stantyan,uberX,1,Male,1,Russia,58.93,262,4.45,9.48,16,none,1,0.469409283,0.013321759,19, 12:13PM,12,Saint Petersburg,1
Completed,Uber,stantyan,uberX,1,Male,1,Russia,59.27,203.07,3.43,5.47,19,none,1,0.627056673,0.013321759,19, 12:18PM,12,Saint Petersburg,1
Completed,Uber,stantyan,uberX,1,Male,1,Russia,59.27,293,4.94,6.08,19,none,1,0.8125,0.013333333,19, 12:20PM,12,Saint Petersburg,1
Completed,Uber,stantyan,uberX,1,Male,1,Russia,59.39,146,2.46,4.54,18,none,1,0.54185022,0.013344907,19, 12:20PM,12,Saint Petersburg,1
Completed,Uber,stantyan,uberX,1,Male,1,Russia,59.39,182.05,3.07,6.71,19,none,1,0.45752608,0.013344907,19, 12:20PM,12,Saint Petersburg,1
Completed,Uber,stantyan,uberX,1,Male,1,Russia,60.21,218,3.62,8.27,16,none,1,0.437726723,0.01337963,19, 12:21PM,12,Saint Petersburg,1
Completed,Uber,stantyan,uberX,1,Male,1,Russia,60.21,222,3.69,10.04,16,none,1,0.36752988,0.01337963,19, 12:21PM,12,Saint Petersburg,1
Completed,Uber,stantyan,uberX,1,Male,1,Russia,60.14,89,1.48,1.83,12,none,1,0.808743169,0.013414352,19, 12:26PM,12,Saint Petersburg,1
Completed,Uber,stantyan,uberX,1,Male,1,Russia,60.14,101,1.68,1.17,13,none,1,1.435897436,0.013472222,19, 12:27PM,12,Saint Petersburg,1
Completed,Uber,stantyan,uberX,1,Male,1,Russia,60.39,193,3.2,7.98,13,none,1,0.401002506,0.013472222,19, 12:28PM,12,Saint Petersburg,1
Completed,Gett,stantyan,EconomyFix,0,Male,1,Russia,59.06,516,8.74,13.48,19,none,1,38.27893175,0.013506944,19, 12:29PM,12,Saint Petersburg,1
Completed,Uber,stantyan,uberX,1,Male,1,Russia,59.06,357,6.05,19.33,18,none,1,0.312984997,0.013518519,19, 12:31PM,12,Saint Petersburg,1
Completed,Uber,stantyan,uberX,1,Male,1,Russia,59.33,624,10.52,33.68,18,none,1,0.312351544,0.013587963,19, 12:32PM,12,Saint Petersburg,1
Completed,Uber,stantyan,uberX,1,Male,1,Russia,59.51,305,5.12,12.86,21,none,1,0.398133748,0.013611111,19, 12:33PM,12,Saint Petersburg,1
Completed,Uber,stantyan,uberX,1,Male,1,Russia,59.51,310,5.21,14.76,25,none,1,0.35298103,0.013645833,19, 12:33PM,12,Saint Petersburg,1
Completed,Uber,stantyan,uberX,1,Male,1,Russia,59.51,187,3.14,6.66,21,none,1,0.471471471,0.013784722,19, 12:33PM,12,Saint Petersburg,1
Completed,Uber,stantyan,uberX,1,Male,1,Russia,59.51,225,3.78,8.63,21,none,1,0.438006952,0.013819444,19, 12:34PM,12,Saint Petersburg,1
Completed,Uber,stantyan,uberX,1,Male,1,Russia,60.33,199,3.3,8.1,21,none,1,0.407407407,0.013854167,20, 12:34PM,12,Saint Petersburg,1
Completed,Uber,stantyan,uberX,1,Male,1,Russia,59.99,650,10.84,34.13,18,none,1,0.317609142,0.013877315,20, 12:35PM,12,Saint Petersburg,1
Completed,Uber,stantyan,uberX,1,Male,1,Russia,59.82,163,2.72,6.84,20,none,1,0.397660819,0.013900463,20, 12:37PM,12,Saint Petersburg,1
Completed,Uber,stantyan,uberX,1,Male,1,Russia,60.11,109,1.81,3.85,22,none,1,0.47012987,0.013912037,20, 12:37PM,12,Saint Petersburg,1
Completed,Uber,stantyan,uberX,1,Male,1,Russia,60.11,370,6.16,15.26,15,none,1,0.403669725,0.013935185,20, 12:40PM,12,Saint Petersburg,1
Completed,Uber,stantyan,uberX,1,Male,1,Russia,59.83,267,4.46,11.47,20,none,1,0.388840453,0.013981481,20, 12:40PM,12,Saint Petersburg,1
Completed,Uber,stantyan,uberX,1,Female,0,Russia,59.83,404,6.75,14.74,24,none,1,0.457937585,0.014050926,20, 12:42PM,12,Saint Petersburg,1
Completed,Uber,stantyan,uberX,1,Male,1,Russia,59.83,334,5.58,17.69,25,none,1,0.315432448,0.014050926,20, 12:43PM,12,Saint Petersburg,1
Completed,Uber,stantyan,uberX,1,Male,1,Russia,59.83,153,2.56,7.08,21,none,1,0.361581921,0.0140625,20, 12:45PM,12,Saint Petersburg,1
Completed,Uber,stantyan,uberX,1,Male,1,Russia,59.83,273,4.56,7.4,20,none,1,0.616216216,0.014074074,20, 12:46AM,12,Saint Petersburg,1
Completed,Uber,stantyan,uberX,1,Male,1,Russia,59.85,305,5.1,15.21,19,none,1,0.33530572,0.014074074,20, 12:46PM,12,Saint Petersburg,1
Completed,Uber,stantyan,uberX,1,Male,1,Russia,59.85,257,4.29,14.27,16,none,1,0.300630694,0.014131944,20, 12:46PM,12,Saint Petersburg,1
Completed,Uber,stantyan,uberX,1,Male,1,Russia,59.79,274,4.58,13.89,21,none,1,0.329733621,0.014236111,20, 12:47PM,12,Saint Petersburg,1
Completed,Uber,stantyan,uberBLACK,0,Male,1,Russia,59.47,1800,30.26,35.99,18,none,1,50.01389275,0.014247685,20, 12:47PM,12,Saint Petersburg,1
Completed,Uber,stantyan,uberX,1,Male,1,Russia,59.07,610,10.33,33.99,18,none,1,0.303912916,0.014259259,20, 12:48PM,12,Saint Petersburg,1
Completed,Uber,stantyan,uberX,1,Male,1,Russia,59.07,597,10.11,34.6,18,none,1,0.292196532,0.014293981,20, 12:53PM,12,Saint Petersburg,1
Completed,Uber,stantyan,uberX,1,Male,1,Russia,58.94,635,10.77,35.1,18,none,1,0.306837607,0.01431713,20, 12:56PM,12,Saint Petersburg,1
Completed,Uber,stantyan,uberX,1,Male,1,Russia,58.94,201,3.41,10.27,22,none,1,0.332035054,0.014351852,20, 12:57PM,12,Saint Petersburg,1
Completed,Uber,stantyan,uberX,1,Male,1,Russia,58.94,285,4.84,14.63,25,none,1,0.330827068,0.014363426,20, 12:57PM,12,Saint Petersburg,1
Completed,Uber,stantyan,uberX,1,Male,1,Russia,58.94,80,1.36,2.16,25,none,1,0.62962963,0.014398148,20, 12:57PM,12,Saint Petersburg,1
Completed,Uber,stantyan,uberX,1,Female,0,Russia,58.94,120,2.04,2.24,25,none,1,0.910714286,0.014467593,20, 12:59PM,12,Saint Petersburg,1
Completed,Uber,stantyan,uberX,1,Male,1,Russia,58.94,300,5.09,14.24,23,none,1,0.35744382,0.014490741,20, 12:59PM,12,Saint Petersburg,1
Completed,Uber,stantyan,uberX,1,Male,1,Russia,59.07,107,1.81,3.78,20,none,1,0.478835979,0.014525463,20, 13:58PM,13,Saint Petersburg,1
Completed,Uber,stantyan,uberBLACK,0,Male,1,Russia,59.07,1588,26.88,31.64,20,none,1,50.18963338,0.014583333,21, 2:01PM,14,Saint Petersburg,1
Completed,Uber,stantyan,uberX,1,Male,1,Russia,59.07,792,13.41,28.86,18,none,1,0.464656965,0.014664352,21, 2:01PM,14,Saint Petersburg,1
Completed,Uber,stantyan,uberX,1,Male,1,Russia,59.11,610,10.32,34.01,16,none,1,0.303440165,0.014722222,21, 2:03PM,14,Saint Petersburg,1
Completed,Uber,stantyan,uberX,1,Male,1,Russia,57.48,632,11,38.42,19,none,1,0.286309214,0.01474537,21, 2:05PM,14,Saint Petersburg,1
Completed,Uber,stantyan,uberX,1,Male,1,Russia,57.77,161,2.79,6.41,13,none,1,0.43525741,0.014803241,21, 2:05PM,14,Saint Petersburg,1
Completed,Uber,stantyan,uberX,1,Male,1,Russia,57.77,203.07,3.51,8.53,14,none,1,0.411488863,0.014814815,21, 2:09PM,14,Saint Petersburg,1
Completed,Uber,stantyan,uberX,1,Male,1,Russia,57.33,638,11.13,34.07,14,none,1,0.326680364,0.014826389,21, 2:15PM,14,Saint Petersburg,1
Completed,Uber,stantyan,uberX,1,Male,1,Russia,57.94,220,3.8,8.03,15,none,1,0.473225405,0.01494213,21, 2:17PM,14,Saint Petersburg,1
Completed,Uber,stantyan,uberX,1,Male,1,Russia,57.53,218,3.79,5.15,12,none,1,0.73592233,0.014953704,21, 2:18PM,14,Saint Petersburg,1
Completed,Uber,stantyan,uberX,1,Male,1,Russia,57.53,160,2.78,6.55,17,none,1,0.424427481,0.014965278,21, 2:18PM,14,Saint Petersburg,1
Completed,Uber,stantyan,uberX,1,Male,1,Russia,57.53,206,3.58,8.58,15,none,1,0.417249417,0.014988426,21, 2:18PM,14,Saint Petersburg,1
Completed,Uber,stantyan,uberX,1,Male,1,Russia,57.53,293,5.09,9.66,11,none,1,0.526915114,0.015081019,21, 2:19PM,14,Saint Petersburg,1
Completed,Uber,stantyan,uberX,1,Male,1,Russia,57.48,220,3.83,8.06,4,none,1,0.475186104,0.015081019,21, 2:19PM,14,Saint Petersburg,1
Completed,Gett,stantyan,Business,0,Male,1,Russia,57.48,825,14.35,9.3,2,none,1,88.70967742,0.015138889,21, 2:19PM,14,Saint Petersburg,1
Completed,Uber,stantyan,uberX,1,Male,1,Russia,57.75,209,3.62,9.72,-1,none,1,0.372427984,0.015231481,22, 2:22PM,14,Saint Petersburg,1
Completed,Gett,stantyan,Business,0,Male,1,Russia,57.75,1189,20.59,11.1,-1,none,1,107.1171171,0.015231481,22, 2:24PM,14,Saint Petersburg,1
Completed,Uber,stantyan,uberX,1,Male,1,Russia,58.24,167,2.87,5.65,0,none,1,0.507964602,0.015347222,22, 2:26PM,14,Saint Petersburg,1
Completed,Uber,stantyan,uberX,1,Male,1,Russia,58.24,195,3.35,8.11,-1,none,1,0.413070284,0.015381944,22, 2:27PM,14,Saint Petersburg,1
Completed,Uber,stantyan,uberX,1,Female,0,Russia,59.19,162,2.74,6.68,5,none,1,0.410179641,0.015405093,22, 2:29PM,14,Saint Petersburg,1
Completed,Uber,stantyan,uberX,1,Male,1,Russia,59.19,265,4.48,8.93,5,none,1,0.501679731,0.015486111,22, 2:32PM,14,Saint Petersburg,1
Completed,Gett,stantyan,EconomyFix,0,Male,1,Russia,60.34,590,9.78,28,1,none,1,21.07142857,0.01556713,22, 2:34PM,14,Saint Petersburg,1
Completed,Uber,stantyan,uberX,1,Male,1,Russia,60.34,857,14.2,42.71,1,none,1,0.33247483,0.015601852,22, 2:34PM,14,Saint Petersburg,1
Completed,Uber,stantyan,uberX,1,Male,1,Russia,59.7,312,5.23,8.11,2,none,1,0.644882861,0.015613426,22, 2:34PM,14,Saint Petersburg,1
Completed,Uber,stantyan,uberX,1,Male,1,Russia,59.7,201,3.37,9.56,2,none,1,0.35251046,0.015636574,22, 2:35PM,14,Saint Petersburg,1
Completed,Uber,stantyan,uberX,1,Male,1,Russia,58.96,202,3.43,10.7,5,none,1,0.320560748,0.015671296,22, 2:38PM,14,Saint Petersburg,1
Completed,Uber,stantyan,uberX,1,Male,1,Russia,59.17,163,2.75,4.84,1,none,1,0.568181818,0.01599537,23, 2:41PM,14,Saint Petersburg,1
Completed,Uber,stantyan,uberX,1,Male,1,Russia,59.17,113,1.91,4.02,1,none,1,0.475124378,0.01599537,23, 2:42PM,14,Saint Petersburg,1
Completed,Uber,stantyan,uberX,1,Male,1,Russia,59.17,214,3.62,7.26,1,none,1,0.49862259,0.016006944,23, 2:44PM,14,Saint Petersburg,1
Completed,Uber,stantyan,uberX,1,Male,1,Russia,58.42,249,4.26,11.28,0,none,1,0.377659574,0.016006944,23, 2:44PM,14,Saint Petersburg,1
Completed,Uber,stantyan,uberX,1,Male,1,Russia,58.46,114,1.95,3.77,-3,none,1,0.517241379,0.016122685,23, 2:44PM,14,Saint Petersburg,1
Completed,Uber,stantyan,uberX,1,Male,1,Russia,58.46,224,3.83,9.16,-4,none,1,0.418122271,0.016180556,23, 2:45PM,14,Saint Petersburg,1
Completed,Uber,stantyan,uberX,1,Male,1,Russia,58.46,234,4,10.3,-3,none,1,0.388349515,0.01619213,23, 2:49PM,14,Saint Petersburg,1
Completed,Uber,stantyan,uberX,1,Male,1,Russia,58.46,251,4.29,5.86,-3,none,1,0.732081911,0.01619213,23, 2:51PM,14,Saint Petersburg,1
Completed,Uber,stantyan,uberX,1,Male,1,Russia,58.39,255,4.37,8.03,1,none,1,0.544209215,0.016203704,23, 2:52PM,14,Saint Petersburg,1
Completed,Uber,stantyan,uberX,1,Male,1,Russia,58.39,479,8.2,14.55,1,none,1,0.563573883,0.016215278,23, 2:59PM,14,Saint Petersburg,1
Completed,Uber,stantyan,uberX,1,Male,1,Russia,58.39,607.55,10.4,32.67,2,none,1,0.318334864,0.01625,23, 2:59PM,14,Saint Petersburg,1
Completed,Uber,stantyan,uberX,1,Male,1,Russia,58.39,643,11.01,34.04,1,none,1,0.323443008,0.01625,23, 2:59PM,14,Saint Petersburg,1
Completed,Uber,stantyan,uberX,1,Male,1,Russia,58.39,678,11.61,34.55,1,none,1,0.336034732,0.016261574,23, 2:59PM,14,Saint Petersburg,1
Completed,Uber,stantyan,uberX,1,Male,1,Russia,58.39,639,10.94,34.83,1,none,1,0.314097043,0.016365741,23, 3:00PM,15,Saint Petersburg,1
Completed,Uber,stantyan,uberX,1,Male,1,Russia,58.39,101,1.73,1.72,3,none,1,1.005813953,0.016388889,23, 3:01PM,15,Saint Petersburg,1
Completed,Gett,stantyan,EconomyFix,0,Male,1,Russia,58.39,110,1.88,1.58,2,none,1,69.62025316,0.016435185,23, 3:03PM,15,Saint Petersburg,1
Completed,Uber,stantyan,uberX,1,Male,1,Russia,58.39,117,2,1.29,3,none,1,1.550387597,0.016446759,23, 3:04PM,15,Saint Petersburg,1
Completed,Uber,stantyan,uberX,1,Male,1,Russia,58.39,103,1.76,1.45,3,none,1,1.213793103,0.016481481,23, 3:06PM,15,Saint Petersburg,1
Completed,Uber,stantyan,uberX,1,Male,1,Russia,58.39,80,1.37,1.38,3,none,1,0.992753623,0.016539352,23, 3:06PM,15,Saint Petersburg,1
Completed,Uber,stantyan,uberX,1,Male,1,Russia,58.39,110.82,1.9,3.22,2,none,1,0.590062112,0.016539352,23, 3:10PM,15,Saint Petersburg,1
Completed,Uber,stantyan,uberX,1,Male,1,Russia,58.39,139,2.38,1.88,2,none,1,1.265957447,0.016550926,23, 3:15PM,15,Saint Petersburg,1
Completed,Uber,stantyan,uberX,1,Male,1,Russia,58.39,419.63,7.19,13.44,2,none,1,0.534970238,0.016574074,23, 3:18PM,15,Saint Petersburg,1
Completed,Uber,stantyan,uberX,1,Male,1,Russia,58.39,757.11,12.97,21.6,2,none,1,0.600462963,0.016585648,23, 3:20PM,15,Saint Petersburg,1
Completed,Uber,stantyan,uberX,1,Male,1,Russia,58.39,241,4.13,12.47,3,none,1,0.331194868,0.01662037,24, 3:21PM,15,Saint Petersburg,1
Completed,Uber,stantyan,uberX,1,Male,1,Russia,58.39,256,4.38,13.99,2,none,1,0.313080772,0.016631944,24, 3:23PM,15,Saint Petersburg,1
Completed,Uber,stantyan,uberX,1,Male,1,Russia,58.44,346,5.92,20.55,1,none,1,0.288077859,0.016643519,24, 3:25PM,15,Saint Petersburg,1
Completed,Uber,stantyan,uberX,1,Male,1,Russia,58.44,246,4.21,9.67,1,none,1,0.435367115,0.016724537,24, 3:28PM,15,Saint Petersburg,1
Completed,Uber,stantyan,uberX,1,Male,1,Russia,58.44,378,6.47,21.29,2,none,1,0.303898544,0.016747685,24, 3:28PM,15,Saint Petersburg,1
Completed,Uber,stantyan,uberX,1,Male,1,Russia,58.44,282,4.83,9.7,1,none,1,0.497938144,0.016747685,24, 3:28PM,15,Saint Petersburg,1
Completed,Gett,stantyan,EconomyFix,0,Male,1,Russia,58.44,188,3.22,6,1,none,1,31.33333333,0.016782407,24, 3:30PM,15,Saint Petersburg,1
Completed,Uber,stantyan,uberBLACK,0,Male,1,Russia,58.44,662,11.33,12.12,1,none,1,54.62046205,0.016782407,24, 3:35PM,15,Saint Petersburg,1
Completed,Uber,stantyan,uberX,1,Male,1,Russia,58.33,331,5.67,10.25,1,none,1,0.553170732,0.01681713,24, 3:35PM,15,Saint Petersburg,1
Completed,Uber,stantyan,uberX,1,Male,1,Russia,58.33,173,2.97,5.87,1,none,1,0.505962521,0.016898148,24, 3:36PM,15,Saint Petersburg,1
Completed,Uber,stantyan,uberX,1,Male,1,Russia,58.33,214,3.67,8.29,1,none,1,0.442702051,0.016921296,24, 3:39PM,15,Saint Petersburg,1
Completed,Uber,stantyan,uberX,1,Male,1,Russia,58.33,234,4.01,8.82,1,none,1,0.454648526,0.017013889,24, 3:41PM,15,Saint Petersburg,1
Completed,Uber,stantyan,uberX,1,Male,1,Russia,58.38,339,5.81,14.58,1,none,1,0.398491084,0.017071759,24, 3:41PM,15,Saint Petersburg,1
Completed,Uber,stantyan,uberX,1,Male,1,Russia,58.38,368,6.3,14.66,1,none,1,0.429740791,0.017071759,24, 3:42PM,15,Saint Petersburg,1
Completed,Gett,stantyan,EconomyFix,0,Male,1,Russia,58.38,525,8.99,16.63,0,none,1,31.5694528,0.017141204,24, 3:43PM,15,Saint Petersburg,1
Completed,Uber,stantyan,uberX,1,Male,1,Russia,58.38,469,8.03,18.2,0,none,1,0.441208791,0.0171875,24, 3:44PM,15,Saint Petersburg,1
Completed,Gett,stantyan,EconomyFix,0,Male,1,Russia,58.36,196,3.36,5.29,1,none,1,37.0510397,0.017199074,24, 3:45PM,15,Saint Petersburg,1
Completed,Uber,stantyan,uberX,1,Male,1,Russia,58.36,119,2.04,2.77,1,none,1,0.736462094,0.017291667,24, 3:47PM,15,Saint Petersburg,1
Completed,Uber,stantyan,uberX,1,Male,1,Russia,58.46,642,10.98,33.15,-1,none,1,0.331221719,0.017326389,25, 3:48PM,15,Saint Petersburg,1
Completed,Uber,stantyan,uberX,1,Male,1,Russia,58.89,174,2.95,3.77,0,none,1,0.782493369,0.017453704,25, 3:48PM,15,Saint Petersburg,1
Completed,Uber,stantyan,uberBLACK,0,Male,1,Russia,58.89,655,11.12,11.1,1,none,1,59.00900901,0.017453704,25, 3:49PM,15,Saint Petersburg,1
Completed,Uber,stantyan,uberX,1,Male,1,Russia,58.89,435,7.39,12.65,0,none,1,0.584189723,0.017511574,25, 3:52PM,15,Saint Petersburg,1
Completed,Uber,stantyan,uberX,1,Male,1,Russia,58.89,340,5.77,10.93,1,none,1,0.527904849,0.017523148,25, 3:52PM,15,Saint Petersburg,1
Completed,Uber,stantyan,uberX,1,Male,1,Russia,58.81,157,2.67,5.5,-1,none,1,0.485454545,0.017569444,25, 3:56PM,15,Saint Petersburg,1
Completed,Uber,stantyan,uberX,1,Male,1,Russia,58.81,155,2.64,3.32,0,none,1,0.795180723,0.017627315,25, 3:56PM,15,Saint Petersburg,1
Completed,Uber,stantyan,uberX,1,Male,1,Russia,58.8,200,3.4,5.15,-1,none,1,0.660194175,0.017650463,25, 3:58PM,15,Saint Petersburg,1
Completed,Gett,stantyan,EconomyFix,0,Male,1,Russia,58.8,176,2.99,6,-1,none,1,29.33333333,0.017696759,25, 4:00PM,16,Saint Petersburg,1
Completed,Uber,stantyan,uberX,1,Male,1,Russia,59.23,182,3.07,7.16,-4,none,1,0.42877095,0.017708333,25, 4:01PM,16,Saint Petersburg,1
Completed,Uber,stantyan,uberX,1,Male,1,Russia,59.06,277,4.69,7.85,1,none,1,0.597452229,0.017719907,25, 4:03PM,16,Saint Petersburg,1
Completed,Uber,stantyan,uberX,1,Male,1,Russia,59.06,782,13.24,33.04,2,none,1,0.400726392,0.017731481,25, 4:11PM,16,Saint Petersburg,1
Completed,Uber,stantyan,uberX,1,Male,1,Russia,59.06,350,5.93,16.54,2,none,1,0.358524788,0.017743056,25, 4:12PM,16,Saint Petersburg,1
Completed,Uber,stantyan,uberX,1,Male,1,Russia,59.06,177,3,6.58,2,none,1,0.455927052,0.017789352,25, 4:12PM,16,Saint Petersburg,1
Completed,Uber,stantyan,uberX,1,Male,1,Russia,59.06,279,4.72,10.56,1,none,1,0.446969697,0.017800926,25, 4:14PM,16,Saint Petersburg,1
Completed,Uber,stantyan,uberX,1,Male,1,Russia,59.06,350,5.93,11.67,1,none,1,0.508140531,0.0178125,25, 4:15PM,16,Saint Petersburg,1
Completed,Uber,stantyan,uberX,1,Male,1,Russia,58.95,158,2.68,4.86,-1,none,1,0.551440329,0.0178125,25, 4:17PM,16,Saint Petersburg,1
Completed,Uber,stantyan,uberX,1,Male,1,Russia,58.95,336,5.7,14.1,-1,none,1,0.404255319,0.0178125,25, 4:22PM,16,Saint Petersburg,1
Completed,Uber,stantyan,uberX,1,Male,1,Russia,58.95,369,6.26,16.7,-1,none,1,0.374850299,0.017858796,25, 4:22PM,16,Saint Petersburg,1
Completed,Uber,stantyan,uberX,1,Male,1,Russia,58.95,148,2.51,4.55,-2,none,1,0.551648352,0.017881944,25, 4:23PM,16,Saint Petersburg,1
Completed,Uber,stantyan,uberX,1,Male,1,Russia,59.22,211,3.56,5.63,-2,none,1,0.632326821,0.017939815,25, 4:24PM,16,Saint Petersburg,1
Completed,Uber,stantyan,uberX,1,Male,1,Russia,59.22,166,2.8,6.79,1,rain,0,0.412371134,0.017962963,25, 4:25PM,16,Saint Petersburg,1
Completed,Uber,stantyan,uberX,1,Male,1,Russia,58.55,148,2.53,5.41,1,none,1,0.467652495,0.018101852,26, 4:26PM,16,Saint Petersburg,1
Completed,Uber,stantyan,uberX,1,Male,1,Russia,58.55,191,3.26,4.76,-1,none,1,0.68487395,0.018125,26, 4:27PM,16,Saint Petersburg,1
Completed,Uber,stantyan,uberX,1,Male,1,Russia,58.85,181,3.08,4.8,-1,none,1,0.641666667,0.018136574,26, 4:27PM,16,Saint Petersburg,1
Completed,Uber,stantyan,uberX,1,Male,1,Russia,58.85,185.03,3.14,7.05,-1,none,1,0.445390071,0.018148148,26, 4:31PM,16,Saint Petersburg,1
Completed,Uber,stantyan,uberX,1,Male,1,Russia,58.85,288,4.89,10.43,-1,none,1,0.468839885,0.018159722,26, 4:35PM,16,Saint Petersburg,1
Completed,Uber,stantyan,uberX,1,Male,1,Russia,58.84,205,3.48,5.44,-1,none,1,0.639705882,0.018344907,26, 4:39PM,16,Saint Petersburg,1
Completed,Uber,stantyan,uberX,1,Male,1,Russia,58.84,219,3.72,4.99,2,none,1,0.745490982,0.018356481,26, 4:41PM,16,Saint Petersburg,1
Completed,Uber,stantyan,uberX,1,Male,1,Russia,58.84,106,1.8,2.19,2,rain,0,0.821917808,0.018356481,26, 4:41PM,16,Saint Petersburg,1
Completed,Uber,stantyan,uberX,1,Male,1,Russia,58.84,267,4.54,7.85,0,none,1,0.578343949,0.018368056,26, 4:42PM,16,Saint Petersburg,1
Completed,Uber,stantyan,uberX,1,Male,1,Russia,58.84,281.71,4.79,9.66,0,none,1,0.495859213,0.018391204,26, 4:44PM,16,Saint Petersburg,1
Completed,Uber,stantyan,uberBLACK,0,Female,0,Russia,58.68,495,8.43,7.69,0,none,1,64.36931079,0.018391204,26, 4:44PM,16,Saint Petersburg,1
Completed,Uber,stantyan,uberX,1,Male,1,Russia,58.68,191,3.25,8.03,0,none,1,0.404732254,0.018414352,26, 4:45PM,16,Saint Petersburg,1
Completed,Uber,stantyan,uberX,1,Male,1,Russia,58.68,341,5.81,10.98,0,none,1,0.529143898,0.018460648,26, 4:45PM,16,Saint Petersburg,1
Completed,Uber,stantyan,uberX,1,Male,1,Russia,58.78,179,3.05,5.79,-2,none,1,0.526770294,0.018506944,26, 4:46PM,16,Saint Petersburg,1
Completed,Uber,stantyan,uberX,1,Male,1,Russia,58.78,140,2.38,5.01,-2,none,1,0.4750499,0.018530093,26, 4:53PM,16,Saint Petersburg,1
Completed,Uber,stantyan,uberX,1,Male,1,Russia,58.78,248,4.22,5.47,-3,none,1,0.771480804,0.018530093,26, 4:53PM,16,Saint Petersburg,1
Completed,Uber,stantyan,uberX,1,Male,1,Russia,58.73,232,3.95,9.54,-2,none,1,0.414046122,0.018564815,26, 4:53PM,16,Saint Petersburg,1
Completed,Uber,stantyan,uberX,1,Male,1,Russia,58.73,410,6.98,10.91,-3,none,1,0.639780018,0.018564815,26, 4:56PM,16,Saint Petersburg,1
Completed,Uber,stantyan,uberX,1,Male,1,Russia,58.73,187,3.18,6.2,-3,none,1,0.512903226,0.018634259,26, 5:00PM,17,Saint Petersburg,1
Completed,Uber,stantyan,uberX,1,Male,1,Russia,58.45,221,3.78,5.18,-1,none,1,0.72972973,0.018657407,26, 5:00PM,17,Saint Petersburg,1
Completed,Uber,stantyan,uberBLACK,0,Male,1,Russia,58.45,1370,23.44,30.98,-2,none,1,44.22207876,0.018680556,26, 5:01PM,17,Saint Petersburg,1
Completed,Uber,stantyan,uberX,1,Male,1,Russia,58.32,657.23,11.27,32.51,0,none,1,0.346662565,0.01869213,26, 5:02PM,17,Saint Petersburg,1
Completed,Uber,stantyan,uberX,1,Male,1,Russia,58.32,225,3.86,5.7,0,none,1,0.677192982,0.01869213,26, 5:02PM,17,Saint Petersburg,1
Completed,Uber,stantyan,uberX,1,Male,1,Russia,58.34,284,4.87,7.79,-2,none,1,0.625160462,0.018738426,27, 5:08PM,17,Saint Petersburg,1
Completed,Uber,stantyan,uberX,1,Male,1,Russia,58.34,280,4.8,9.11,-2,none,1,0.526893524,0.018773148,27, 5:11PM,17,Saint Petersburg,1
Completed,Uber,stantyan,uberX,1,Male,1,Russia,58.34,204,3.5,6.2,-2,none,1,0.564516129,0.018981481,27, 5:11PM,17,Saint Petersburg,1
Completed,Uber,stantyan,uberX,1,Male,1,Russia,58.07,199,3.43,5.66,-3,none,1,0.606007067,0.01900463,27, 5:13PM,17,Saint Petersburg,1
Completed,Uber,stantyan,uberX,1,Male,1,Russia,57.67,204,3.54,5.62,2,none,1,0.629893238,0.01900463,27, 5:14PM,17,Saint Petersburg,1
Completed,Uber,stantyan,uberX,1,Male,1,Russia,57.67,233,4.04,6.52,0,none,1,0.619631902,0.01931713,27, 5:16PM,17,Saint Petersburg,1
Completed,Uber,stantyan,uberX,1,Female,0,Russia,57.73,190,3.29,5.81,2,none,1,0.56626506,0.019444444,28, 5:17PM,17,Saint Petersburg,1
Completed,Uber,stantyan,uberX,1,Male,1,Russia,57.56,199,3.46,3.54,2,none,1,0.97740113,0.019583333,28, 5:18PM,17,Saint Petersburg,1
Completed,Uber,stantyan,uberX,1,Male,1,Russia,57.68,246,4.27,8.77,2,none,1,0.486887115,0.019641204,28, 5:18PM,17,Saint Petersburg,1
Completed,Uber,stantyan,uberX,1,Male,1,Russia,57.68,333,5.77,10.04,1,none,1,0.574701195,0.019699074,28, 5:19PM,17,Saint Petersburg,1
Completed,Uber,stantyan,uberX,1,Male,1,Russia,57.01,332,5.82,10.7,1,none,1,0.543925234,0.019837963,28, 5:20PM,17,Saint Petersburg,1
Completed,Uber,stantyan,uberX,1,Male,1,Russia,57.01,194,3.4,8.01,1,none,1,0.424469413,0.019953704,28, 5:20PM,17,Saint Petersburg,1
Completed,Uber,stantyan,uberX,1,Male,1,Russia,56.97,94,1.65,2.69,3,none,1,0.6133829,0.019988426,28, 5:22PM,17,Saint Petersburg,1
Completed,Uber,stantyan,uberX,1,Male,1,Russia,56.97,462,8.11,15.76,3,rain,0,0.514593909,0.020069444,28, 5:23PM,17,Saint Petersburg,1
Completed,Uber,stantyan,uberX,1,Male,1,Russia,56.97,418,7.34,16,3,none,1,0.45875,0.020092593,28, 5:24PM,17,Saint Petersburg,1
Completed,Uber,stantyan,uberX,1,Male,1,Russia,56.97,214,3.76,9.51,3,none,1,0.395373291,0.020162037,29, 5:25PM,17,Saint Petersburg,1
Completed,Uber,stantyan,uberX,1,Male,1,Russia,56.95,234,4.11,12.92,-2,none,1,0.318111455,0.020196759,29, 5:26PM,17,Saint Petersburg,1
Completed,Uber,stantyan,uberX,1,Male,1,Russia,56.95,153,2.69,6.49,-2,none,1,0.414483821,0.020231481,29, 5:27PM,17,Saint Petersburg,1
Completed,Uber,stantyan,uberX,1,Male,1,Russia,56.95,235,4.13,7.93,-2,none,1,0.520807062,0.020231481,29, 5:28PM,17,Saint Petersburg,1
Completed,Uber,stantyan,uberX,1,Male,1,Russia,56.97,105,1.84,3.59,-2,none,1,0.512534819,0.020289352,29, 5:29PM,17,Saint Petersburg,1
Completed,Uber,stantyan,uberX,1,Male,1,Russia,57.05,179,3.14,7.29,-1,none,1,0.430727023,0.020300926,29, 5:29PM,17,Saint Petersburg,1
Completed,Uber,stantyan,uberX,1,Male,1,Russia,57.05,120,2.1,3.64,0,none,1,0.576923077,0.020486111,29, 5:32PM,17,Saint Petersburg,1
Completed,Uber,stantyan,uberX,1,Male,1,Russia,57.05,151,2.65,5.97,-1,none,1,0.443886097,0.020509259,29, 5:32PM,17,Saint Petersburg,1
Completed,Uber,stantyan,uberX,1,Male,1,Russia,56.54,147,2.6,5.87,-2,none,1,0.442930153,0.02056713,29, 5:35PM,17,Saint Petersburg,1
Completed,Uber,stantyan,uberX,1,Male,1,Russia,56.62,257,4.54,7.37,-6,none,1,0.616010855,0.020578704,29, 5:35PM,17,Saint Petersburg,1
Completed,Uber,stantyan,uberX,1,Male,1,Russia,56.62,114,2.01,3.65,-5,none,1,0.550684932,0.020717593,29, 5:37PM,17,Saint Petersburg,1
Completed,Uber,stantyan,uberX,1,Male,1,Russia,56.62,207,3.66,4.8,-6,none,1,0.7625,0.020752315,29, 5:39PM,17,Saint Petersburg,1
Completed,Uber,stantyan,uberX,1,Male,1,Russia,56.62,156,2.76,6.84,-5,none,1,0.403508772,0.020902778,30, 5:40PM,17,Saint Petersburg,1
Completed,Uber,stantyan,uberX,1,Male,1,Russia,56.62,136,2.4,5.87,-5,none,1,0.408858603,0.020902778,30, 5:44PM,17,Saint Petersburg,1
Completed,Uber,stantyan,uberX,1,Male,1,Russia,56.62,70.05,1.24,1.72,-6,none,1,0.720930233,0.021006944,30, 5:45PM,17,Saint Petersburg,1
Completed,Uber,stantyan,uberX,1,Male,1,Russia,56.62,137,2.42,3.43,-6,none,1,0.705539359,0.021006944,30, 5:46PM,17,Saint Petersburg,1
Completed,Uber,stantyan,uberX,1,Male,1,Russia,56.62,161,2.84,7.11,-6,none,1,0.399437412,0.021018519,30, 5:46PM,17,Saint Petersburg,1
Completed,Gett,stantyan,EconomyFix,0,Male,1,Russia,56.35,203,3.6,7.4,-7,none,1,27.43243243,0.021018519,30, 5:50PM,17,Saint Petersburg,1
Completed,Uber,stantyan,uberX,1,Male,1,Russia,56.35,117,2.08,4.01,-8,none,1,0.518703242,0.021041667,30, 5:51PM,17,Saint Petersburg,1
Completed,Uber,stantyan,uberX,1,Male,1,Russia,56.35,134,2.38,3.8,-9,none,1,0.626315789,0.021122685,30, 5:56PM,17,Saint Petersburg,1
Completed,Uber,stantyan,uberX,1,Male,1,Russia,56.35,142,2.52,3.62,-9,none,1,0.696132597,0.021134259,30, 5:56PM,17,Saint Petersburg,1
Completed,Uber,stantyan,uberX,1,Male,1,Russia,56.54,263,4.65,6.29,-11,none,1,0.73926868,0.021261574,30, 5:56PM,17,Saint Petersburg,1
Completed,Uber,stantyan,uberX,1,Male,1,Russia,56.54,299,5.29,6.78,-11,none,1,0.780235988,0.021319444,30, 5:57PM,17,Saint Petersburg,1
Completed,Uber,stantyan,uberX,1,Male,1,Russia,56.54,390.93,6.91,18.01,-11,none,1,0.383675736,0.021331019,30, 5:57PM,17,Saint Petersburg,1
Completed,Uber,stantyan,uberX,1,Male,1,Russia,56.9,323,5.68,10.06,-9,none,1,0.564612326,0.021342593,30, 5:57PM,17,Saint Petersburg,1
Completed,Uber,stantyan,uberX,1,Male,1,Russia,56.9,350,6.15,7.35,-8,none,1,0.836734694,0.021631944,31, 6:01PM,18,Saint Petersburg,1
Completed,Uber,stantyan,uberX,1,Male,1,Russia,56.9,482,8.47,11.59,-8,none,1,0.730802416,0.021678241,31, 6:03PM,18,Saint Petersburg,1
Completed,Uber,stantyan,uberX,1,Male,1,Russia,56.53,156,2.76,5.71,-7,snow,0,0.483362522,0.021759259,31, 6:04PM,18,Saint Petersburg,1
Completed,Uber,stantyan,uberX,1,Male,1,Russia,56.53,158,2.8,6.44,-6,none,1,0.434782609,0.021759259,31, 6:09PM,18,Saint Petersburg,1
Completed,Uber,stantyan,uberX,1,Female,0,Russia,56.71,169,2.98,4.83,-6,none,1,0.616977226,0.021770833,31, 6:10PM,18,Saint Petersburg,1
Completed,Uber,stantyan,uberX,1,Male,1,Russia,56.71,158,2.79,6.97,-6,none,1,0.400286944,0.021793981,31, 6:11PM,18,Saint Petersburg,1
Completed,Uber,stantyan,uberX,1,Male,1,Russia,56.9,175,3.08,6.18,-10,none,1,0.498381877,0.021863426,31, 6:11PM,18,Saint Petersburg,1
Completed,Uber,stantyan,uberX,1,Male,1,Russia,56.53,151,2.67,5.55,-7,snow,0,0.481081081,0.021898148,31, 6:13PM,18,Saint Petersburg,1
Completed,Uber,stantyan,uberX,1,Male,1,Russia,56.53,171,3.03,6.29,-4,snow,0,0.481717011,0.021921296,31, 6:15PM,18,Saint Petersburg,1
Completed,Uber,stantyan,uberX,1,Male,1,Russia,55.92,163,2.92,5.62,1,snow,0,0.519572954,0.02193287,31, 6:21PM,18,Saint Petersburg,1
Completed,Uber,stantyan,uberX,1,Male,1,Russia,55.92,200,3.58,7.02,4,none,1,0.50997151,0.021967593,31, 6:21PM,18,Saint Petersburg,1
Completed,Uber,stantyan,uberX,1,Male,1,Russia,56.25,122,2.17,4.06,3,none,1,0.534482759,0.021990741,31, 6:28PM,18,Saint Petersburg,1
Completed,Uber,stantyan,uberX,1,Male,1,Russia,56.25,190,3.38,7.31,3,none,1,0.462380301,0.022233796,32, 6:29PM,18,Saint Petersburg,1
Completed,Uber,stantyan,uberX,1,Male,1,Russia,56.25,197,3.5,6.41,1,none,1,0.546021841,0.022395833,32, 6:30PM,18,Saint Petersburg,1
Completed,Uber,stantyan,uberX,1,Male,1,Russia,56.25,155,2.76,5.89,1,none,1,0.468590832,0.022407407,32, 6:31PM,18,Saint Petersburg,1
Completed,Uber,stantyan,uberX,1,Male,1,Russia,56.24,152,2.7,6.29,0,none,1,0.429252782,0.022430556,32, 6:32PM,18,Saint Petersburg,1
Completed,Uber,stantyan,uberX,1,Male,1,Russia,56.24,82,1.46,2.22,0,none,1,0.657657658,0.022465278,32, 6:34PM,18,Saint Petersburg,1
Completed,Uber,stantyan,uberX,1,Male,1,Russia,56.33,146,2.59,4.78,-1,none,1,0.541841004,0.022569444,32, 6:34PM,18,Saint Petersburg,1
Completed,Uber,stantyan,uberX,1,Male,1,Russia,56.35,307,5.45,8.61,-7,none,1,0.632984901,0.022569444,32, 6:34PM,18,Saint Petersburg,1
Completed,Uber,stantyan,uberX,1,Male,1,Russia,56.35,226,4.01,5.68,-7,none,1,0.705985915,0.022673611,32, 6:38PM,18,Saint Petersburg,1
Completed,Uber,stantyan,uberX,1,Male,1,Russia,56.35,162,2.87,6.63,-6,none,1,0.432880845,0.02275463,32, 6:38PM,18,Saint Petersburg,1
Completed,Uber,stantyan,uberX,1,Male,1,Russia,56.26,156,2.77,5.01,-8,none,1,0.552894212,0.023055556,33, 6:38PM,18,Saint Petersburg,1
Completed,Uber,stantyan,uberX,1,Male,1,Russia,56.26,172,3.06,6.5,-12,none,1,0.470769231,0.023252315,33, 6:39PM,18,Saint Petersburg,1
Completed,Uber,stantyan,uberX,1,Male,1,Russia,56.3,199,3.53,7.47,-11,none,1,0.472556894,0.023275463,33, 6:42PM,18,Saint Petersburg,1
Completed,Uber,stantyan,uberX,1,Male,1,Russia,56.05,276,4.92,5.66,-3,none,1,0.869257951,0.023310185,33, 6:45PM,18,Saint Petersburg,1
Completed,Uber,stantyan,uberX,1,Male,1,Russia,57.21,189,3.3,6.18,-7,snow,0,0.533980583,0.023368056,33, 6:46PM,18,Saint Petersburg,1
Completed,Uber,stantyan,uberX,1,Female,0,Russia,57.13,166,2.91,5.41,-9,snow,0,0.537892791,0.023391204,33, 6:52PM,18,Saint Petersburg,1
Completed,Uber,stantyan,uberX,1,Male,1,Russia,57.02,190,3.33,5.2,-11,snow,0,0.640384615,0.023518519,33, 6:53PM,18,Saint Petersburg,1
Completed,Uber,stantyan,uberX,1,Male,1,Russia,57.84,555.5,9.6,24.51,-6,snow,0,0.391676867,0.023634259,34, 6:54PM,18,Saint Petersburg,1
Completed,Uber,stantyan,uberX,1,Male,1,Russia,58.43,479,8.2,13.84,-7,none,1,0.592485549,0.02380787,34, 6:54PM,18,Saint Petersburg,1
Completed,Uber,stantyan,uberX,1,Male,1,Russia,58.43,225,3.85,9.11,-7,none,1,0.422612514,0.023819444,34, 6:55PM,18,Saint Petersburg,1
Completed,Uber,stantyan,uberX,1,Male,1,Russia,58.43,414.21,7.09,11.27,-8,none,1,0.629103815,0.024097222,34, 6:55PM,18,Saint Petersburg,1
Completed,Uber,stantyan,uberX,1,Male,1,Russia,58.43,160,2.74,6.18,-8,snow,0,0.443365696,0.024236111,34, 6:56PM,18,Saint Petersburg,1
Completed,Uber,stantyan,uberX,1,Male,1,Russia,58.08,203,3.49,5.15,-7,snow,0,0.677669903,0.024305556,35, 6:58PM,18,Saint Petersburg,1
Completed,Uber,stantyan,uberX,1,Male,1,Russia,58.53,195,3.33,6.23,-6,snow,0,0.534510433,0.024375,35, 6:59PM,18,Saint Petersburg,1
Completed,Uber,stantyan,uberX,1,Male,1,Russia,58.37,130,2.23,3.09,-5,snow,0,0.721682848,0.024467593,35, 7:00PM,19,Saint Petersburg,1
Completed,Uber,stantyan,uberX,1,Male,1,Russia,58.37,214,3.67,8.13,-4,snow,0,0.451414514,0.024479167,35, 7:02PM,19,Saint Petersburg,1
Completed,Uber,stantyan,uberX,1,Male,1,Russia,57.79,695.93,12.04,37.03,-2,none,1,0.325141777,0.024479167,35, 7:04PM,19,Saint Petersburg,1
Completed,Uber,stantyan,uberX,1,Male,1,Russia,57.79,850,14.71,35.79,-4,none,1,0.411008662,0.024768519,35, 7:05PM,19,Moscow,0
Completed,Uber,stantyan,uberX,1,Male,1,Russia,57.79,1190,20.59,43.15,-11,none,1,0.477172654,0.024826389,35, 7:07PM,19,Moscow,0
Completed,Uber,stantyan,uberX,1,Male,1,Russia,57.75,651,11.27,33.97,-1,none,1,0.331763321,0.025023148,36, 7:09PM,19,Saint Petersburg,1
Completed,Uber,stantyan,uberX,1,Male,1,Russia,57.75,265.79,4.6,6.04,-2,snow,0,0.761589404,0.025115741,36, 7:10PM,19,Saint Petersburg,1
Completed,Uber,stantyan,uberX,1,Male,1,Russia,57.65,121,2.1,4.57,-4,snow,0,0.4595186,0.025127315,36, 7:11PM,19,Saint Petersburg,1
Completed,Uber,stantyan,uberX,1,Male,1,Russia,57.65,143,2.48,4.99,-4,snow,0,0.496993988,0.025219907,36, 7:13PM,19,Saint Petersburg,1
Completed,Uber,stantyan,uberX,1,Male,1,Russia,57.65,177,3.07,5.33,-4,snow,0,0.575984991,0.025277778,36, 7:19PM,19,Saint Petersburg,1
Completed,Uber,stantyan,uberX,1,Male,1,Russia,57.65,161,2.79,6.58,-4,snow,0,0.424012158,0.025324074,36, 7:19PM,19,Saint Petersburg,1
Completed,Uber,stantyan,uberX,1,Male,1,Russia,57.7,152,2.63,4.8,-4,none,1,0.547916667,0.025335648,36, 7:22PM,19,Saint Petersburg,1
Completed,Uber,stantyan,uberX,1,Male,1,Russia,57.7,161,2.79,5.89,-6,none,1,0.473684211,0.025428241,36, 7:22PM,19,Saint Petersburg,1
Completed,Uber,stantyan,uberX,1,Male,1,Russia,57.7,168.38,2.92,5.62,-7,none,1,0.519572954,0.025486111,36, 7:24PM,19,Saint Petersburg,1
Completed,Uber,stantyan,uberX,1,Male,1,Russia,56.83,174,3.06,5.78,-12,none,1,0.529411765,0.025486111,36, 7:27PM,19,Saint Petersburg,1
Completed,Uber,stantyan,uberX,1,Male,1,Russia,56.35,157,2.79,5.05,-8,snow,0,0.552475248,0.025671296,37, 7:27PM,19,Saint Petersburg,1
Completed,Uber,stantyan,uberX,1,Male,1,Russia,56.35,171,3.03,5.89,-6,snow,0,0.514431239,0.025798611,37, 7:27PM,19,Saint Petersburg,1
Completed,Uber,stantyan,uberX,1,Male,1,Russia,56.37,219,3.88,4.88,-6,snow,0,0.795081967,0.026168981,37, 7:43PM,19,Saint Petersburg,1
Completed,Uber,stantyan,uberX,1,Male,1,Russia,56.37,111,1.97,4.02,-5,snow,0,0.490049751,0.026423611,38, 7:46PM,19,Saint Petersburg,1
Completed,Uber,stantyan,uberX,1,Male,1,Russia,56.37,163,2.89,6.08,-6,snow,0,0.475328947,0.026527778,38, 7:46PM,19,Saint Petersburg,1
Completed,Uber,stantyan,uberX,1,Male,1,Russia,56.74,149,2.63,6.32,-10,snow,0,0.416139241,0.026527778,38, 7:48PM,19,Saint Petersburg,1
Completed,Uber,stantyan,uberX,1,Male,1,Russia,56.77,223,3.93,5.65,-16,snow,0,0.695575221,0.026527778,38, 7:49PM,19,Saint Petersburg,1
Completed,Uber,stantyan,uberX,1,Male,1,Russia,56.33,198,3.51,5.36,-9,snow,0,0.654850746,0.0265625,38, 7:52PM,19,Saint Petersburg,1
Completed,Uber,stantyan,uberX,1,Male,1,Russia,56.33,222,3.94,6.57,-16,snow,0,0.599695586,0.026782407,38, 7:53PM,19,Saint Petersburg,1
Completed,Uber,stantyan,uberX,1,Male,1,Russia,55.89,150,2.68,5.12,-13,snow,0,0.5234375,0.027013889,38, 7:56PM,19,Saint Petersburg,1
Completed,Uber,stantyan,uberX,1,Male,1,Russia,55.89,148,2.65,5.25,-14,snow,0,0.504761905,0.02744213,39, 7:58PM,19,Saint Petersburg,1
Completed,Uber,stantyan,uberX,1,Male,1,Russia,56.25,141,2.51,5.04,-18,snow,0,0.498015873,0.0275,39, 7:59PM,19,Saint Petersburg,1
Completed,Uber,stantyan,uberX,1,Male,1,Russia,56.34,192,3.41,7.77,-18,snow,0,0.438867439,0.028043981,40, 8:00PM,20,Saint Petersburg,1
Completed,Uber,stantyan,uberX,1,Male,1,Russia,56.34,165,2.93,6.5,-15,snow,0,0.450769231,0.028055556,40, 8:03PM,20,Saint Petersburg,1
Completed,Uber,stantyan,uberX,1,Male,1,Russia,56.78,140,2.47,4.73,-13,snow,0,0.522198732,0.028298611,40, 8:06PM,20,Saint Petersburg,1
Completed,Uber,stantyan,uberX,1,Male,1,Russia,56.78,243,4.28,6.13,-12,none,1,0.698205546,0.028333333,40, 8:08PM,20,Saint Petersburg,1
Completed,Uber,stantyan,uberX,1,Male,1,Russia,56.85,281,4.94,10.04,-15,none,1,0.492031873,0.028460648,41, 8:08PM,20,Saint Petersburg,1
Completed,Uber,stantyan,uberX,1,Male,1,Russia,56.85,166,2.92,6.79,-12,none,1,0.430044183,0.028842593,41, 8:09PM,20,Saint Petersburg,1
Completed,Uber,stantyan,uberX,1,Male,1,Russia,56.45,148,2.62,5.47,-9,none,1,0.478976234,0.02912037,41, 8:11PM,20,Saint Petersburg,1
Completed,Uber,stantyan,uberX,1,Male,1,Russia,56.45,122,2.16,3.43,-10,none,1,0.629737609,0.029166667,42, 8:12PM,20,Saint Petersburg,1
Completed,Uber,stantyan,uberX,1,Male,1,Russia,56.87,143,2.51,4.14,-14,none,1,0.606280193,0.029467593,42, 8:17PM,20,Saint Petersburg,1
Completed,Uber,stantyan,uberX,1,Male,1,Russia,56.87,181,3.18,7.05,-12,none,1,0.45106383,0.029537037,42, 8:20PM,20,Saint Petersburg,1
Completed,Uber,stantyan,uberX,1,Male,1,Russia,56.87,156,2.74,4.92,-9,none,1,0.556910569,0.029641204,42, 8:21PM,20,Saint Petersburg,1
Completed,Uber,stantyan,uberX,1,Male,1,Russia,56.78,158,2.78,4.94,-10,none,1,0.562753036,0.031238426,45, 8:26PM,20,Saint Petersburg,1
Completed,Uber,stantyan,uberX,1,Male,1,Russia,56.98,170,2.98,8.48,-10,none,1,0.351415094,0.03125,45, 8:27PM,20,Saint Petersburg,1
Completed,Uber,stantyan,uberX,1,Male,1,Russia,56.66,281,4.96,9.01,2,none,1,0.550499445,0.031354167,45, 8:31PM,20,Saint Petersburg,1
Completed,Uber,stantyan,uberX,1,Male,1,Russia,56.66,215,3.79,8.8,2,none,1,0.430681818,0.031354167,45, 8:31PM,20,Saint Petersburg,1
Completed,Uber,stantyan,uberX,1,Male,1,Russia,56.88,652,11.46,33.99,1,none,1,0.337157988,0.031423611,45, 8:31PM,20,Saint Petersburg,1
Completed,Uber,stantyan,uberX,1,Male,1,Russia,56.9,360,6.33,12.38,1,none,1,0.511308562,0.031666667,45, 8:33PM,20,Saint Petersburg,1
Completed,Uber,stantyan,uberX,1,Male,1,Russia,56.9,133,2.34,5.81,2,none,1,0.402753873,0.031712963,45, 8:37PM,20,Saint Petersburg,1
Completed,Uber,stantyan,uberX,1,Male,1,Russia,56.9,206,3.62,6.13,3,none,1,0.590538336,0.031967593,46, 8:37PM,20,Saint Petersburg,1
Completed,Uber,stantyan,uberX,1,Male,1,Russia,57.54,451,7.84,9.25,-10,none,1,0.847567568,0.032071759,46, 8:46PM,20,Saint Petersburg,1
Completed,Uber,stantyan,uberX,1,Male,1,Russia,57.54,257,4.47,10.98,-9,none,1,0.407103825,0.03224537,46, 8:52PM,20,Saint Petersburg,1
Completed,Uber,stantyan,uberX,1,Male,1,Russia,57.54,216,3.75,6.9,-8,none,1,0.543478261,0.032592593,46, 8:52PM,20,Saint Petersburg,1
Completed,Uber,stantyan,uberX,1,Male,1,Russia,57.54,634.92,11.03,27.21,-7,none,1,0.405365674,0.032743056,47, 8:55PM,20,Saint Petersburg,1
Completed,Uber,stantyan,uberX,1,Male,1,Russia,57.54,750,13.03,19.59,-7,none,1,0.665135273,0.032858796,47, 8:56PM,20,Saint Petersburg,1
Completed,Uber,stantyan,uberX,1,Male,1,Russia,57.52,245,4.26,11.59,-8,none,1,0.36755824,0.033032407,47, 8:59PM,20,Saint Petersburg,1
Completed,Uber,stantyan,uberX,1,Male,1,Russia,57.52,196,3.41,8.29,-6,none,1,0.411338963,0.033310185,47, 9:02PM,21,Saint Petersburg,1
Completed,Uber,stantyan,uberX,1,Male,1,Russia,57.57,183,3.18,5.09,0,none,1,0.62475442,0.033483796,48, 9:03PM,21,Saint Petersburg,1
Completed,Uber,stantyan,uberX,1,Male,1,Russia,57.57,134,2.33,5.46,1,none,1,0.426739927,0.034479167,49, 9:05PM,21,Saint Petersburg,1
Completed,Uber,stantyan,uberX,1,Male,1,Russia,57.57,254,4.41,7.92,0,none,1,0.556818182,0.034675926,50, 9:10PM,21,Saint Petersburg,1
Completed,Uber,stantyan,uberX,1,Male,1,Russia,57.54,148,2.57,4.91,0,none,1,0.523421589,0.034768519,50, 9:20PM,21,Saint Petersburg,1
Completed,Uber,stantyan,uberX,1,Male,1,Russia,57.26,166,2.9,6.61,-5,none,1,0.438729198,0.034872685,50, 9:26PM,21,Saint Petersburg,1
Completed,Uber,stantyan,uberX,1,Male,1,Russia,57.26,185,3.23,8.19,-5,none,1,0.394383394,0.035451389,51, 9:26PM,21,Saint Petersburg,1
Completed,Uber,stantyan,uberX,1,Male,1,Russia,56.94,185,3.25,8.93,-3,none,1,0.363941769,0.036689815,52, 9:30PM,21,Saint Petersburg,1
Completed,Uber,stantyan,uberX,1,Male,1,Russia,57.23,217,3.79,9.04,-8,none,1,0.419247788,0.03681713,53, 9:34PM,21,Saint Petersburg,1
Completed,Uber,stantyan,uberX,1,Male,1,Russia,57.05,220,3.86,9.69,2,none,1,0.398348813,0.036886574,53, 9:39PM,21,Saint Petersburg,1
Completed,Uber,stantyan,uberX,1,Male,1,Russia,57.05,304,5.33,8.96,3,none,1,0.594866071,0.036956019,53, 9:40PM,21,Saint Petersburg,1
Completed,Uber,stantyan,uberX,1,Male,1,Russia,57.36,197,3.43,6.18,4,none,1,0.555016181,0.039537037,57, 9:46PM,21,Saint Petersburg,1
Completed,Uber,stantyan,uberX,1,Male,1,Russia,57.52,171,2.97,7.08,0,none,1,0.419491525,0.040034722,57, 9:48PM,21,Saint Petersburg,1
Completed,Uber,stantyan,uberX,1,Male,1,Russia,57.52,145,2.52,8.43,4,none,1,0.298932384,0.040520833,58, 9:48PM,21,Saint Petersburg,1
Completed,Uber,stantyan,uberX,1,Male,1,Russia,57.52,313,5.44,9.01,5,none,1,0.603773585,0.042372685,61, 9:50PM,21,Saint Petersburg,1
Completed,Uber,stantyan,uberX,1,Male,1,Russia,57.67,222,3.85,12.81,8,none,1,0.300546448,0.04255787,61, 9:57PM,21,Saint Petersburg,1
Completed,Uber,stantyan,uberX,1,Male,1,Russia,57.67,259,4.49,14.08,11,none,1,0.318892045,0.04306713,62, 01:05PM,13,Saint Petersburg,1
Completed,Uber,stantyan,uberX,1,Male,1,Russia,59.49,607,10.2,34.18,15,none,1,0.298420129,0.043287037,62, 01:13PM,13,Saint Petersburg,1
Completed,Uber,stantyan,uberX,1,Male,1,Russia,62.05,233,3.75,9.99,9,none,1,0.375375375,0.043425926,62, 01:14PM,13,Saint Petersburg,1
Completed,Uber,stantyan,uberX,1,Male,1,Russia,62.05,271,4.37,10.73,9,none,1,0.407269338,0.045127315,64, 01:20PM,13,Saint Petersburg,1
Completed,Uber,stantyan,uberX,1,Male,1,Russia,62.02,221,3.56,5.89,10,none,1,0.604414261,0.046446759,66, 01:26PM,13,Saint Petersburg,1
Completed,Uber,stantyan,uberX,1,Male,1,Russia,61.05,214,3.51,7.1,9,none,1,0.494366197,0.047199074,68, 01:26PM,13,Saint Petersburg,1
Completed,Uber,stantyan,uberX,1,Male,1,Russia,61.05,278,4.55,7.97,10,none,1,0.570890841,0.047268519,68, 01:36PM,13,Saint Petersburg,1
Completed,Uber,stantyan,uberX,1,Male,1,Russia,61.82,173,2.8,4.26,5,none,1,0.657276995,0.049444444,71, 01:41PM,13,Saint Petersburg,1
Completed,Uber,stantyan,uberX,1,Male,1,Russia,61.82,161,2.6,5.79,6,none,1,0.449050086,0.051458333,74, 01:42PM,13,Saint Petersburg,1
Completed,Uber,stantyan,uberX,1,Male,1,Russia,61.54,241,3.92,11.46,7,none,1,0.342059337,0.05400463,77, 01:43PM,13,Saint Petersburg,1
Completed,Uber,stantyan,uberX,1,Male,1,Russia,62.68,174,2.78,6.68,8,none,1,0.416167665,0.058888889,84, 01:46PM,13,Saint Petersburg,1
Completed,Uber,stantyan,uberX,1,Male,1,Russia,62.68,209,3.33,7.48,9,none,1,0.445187166,0.059247685,85, 01:47PM,13,Saint Petersburg,1
Completed,Uber,stantyan,uberX,1,Male,1,Russia,62.13,212,3.41,9.03,8,none,1,0.377630122,0.062349537,89,01:47PM,13,Saint Petersburg,1
